Ipsm.Iblquad.I_lqtr.I0.I34.I10.I_enjoint.I_jcb,646,107
Ipsm.Iblquad.I_lqtr.I0.I34.I10.I_hilojoint.I_jcb,646,106
Ipsm.Iblquad.I_lqtr.I0.I34.I6.I_enjoint.I_jcb,646,125
Ipsm.Iblquad.I_lqtr.I0.I34.I6.I_hilojoint.I_jcb,646,124
Ipsm.Iblquad.I_lqtr.I0.I34.I7.I_enjoint.I_jcb,646,121
Ipsm.Iblquad.I_lqtr.I0.I34.I7.I_hilojoint.I_jcb,646,120
Ipsm.Iblquad.I_lqtr.I0.I34.I8.I_enjoint.I_jcb,646,116
Ipsm.Iblquad.I_lqtr.I0.I34.I8.I_hilojoint.I_jcb,646,115
Ipsm.Iblquad.I_lqtr.I0.I34.I9.I_enjoint.I_jcb,646,111
Ipsm.Iblquad.I_lqtr.I0.I34.I9.I_hilojoint.I_jcb,646,110
Ipsm.Iblquad.I_lqtr.I0.I35.I10.I_enjoint.I_jcb,646,128
Ipsm.Iblquad.I_lqtr.I0.I35.I10.I_hilojoint.I_jcb,646,127
Ipsm.Iblquad.I_lqtr.I0.I35.I6.I_enjoint.I_jcb,646,146
Ipsm.Iblquad.I_lqtr.I0.I35.I6.I_hilojoint.I_jcb,646,145
Ipsm.Iblquad.I_lqtr.I0.I35.I7.I_enjoint.I_jcb,646,142
Ipsm.Iblquad.I_lqtr.I0.I35.I7.I_hilojoint.I_jcb,646,141
Ipsm.Iblquad.I_lqtr.I0.I35.I8.I_enjoint.I_jcb,646,137
Ipsm.Iblquad.I_lqtr.I0.I35.I8.I_hilojoint.I_jcb,646,136
Ipsm.Iblquad.I_lqtr.I0.I35.I9.I_enjoint.I_jcb,646,132
Ipsm.Iblquad.I_lqtr.I0.I35.I9.I_hilojoint.I_jcb,646,131
Ipsm.Iblquad.I_lqtr.I0.I36.I10.I_enjoint.I_jcb,646,170
Ipsm.Iblquad.I_lqtr.I0.I36.I10.I_hilojoint.I_jcb,646,169
Ipsm.Iblquad.I_lqtr.I0.I36.I6.I_enjoint.I_jcb,646,188
Ipsm.Iblquad.I_lqtr.I0.I36.I6.I_hilojoint.I_jcb,646,187
Ipsm.Iblquad.I_lqtr.I0.I36.I7.I_enjoint.I_jcb,646,184
Ipsm.Iblquad.I_lqtr.I0.I36.I7.I_hilojoint.I_jcb,646,183
Ipsm.Iblquad.I_lqtr.I0.I36.I8.I_enjoint.I_jcb,646,179
Ipsm.Iblquad.I_lqtr.I0.I36.I8.I_hilojoint.I_jcb,646,178
Ipsm.Iblquad.I_lqtr.I0.I36.I9.I_enjoint.I_jcb,646,174
Ipsm.Iblquad.I_lqtr.I0.I36.I9.I_hilojoint.I_jcb,646,173
Ipsm.Iblquad.I_lqtr.I0.I37.I10.I_enjoint.I_jcb,646,149
Ipsm.Iblquad.I_lqtr.I0.I37.I10.I_hilojoint.I_jcb,646,148
Ipsm.Iblquad.I_lqtr.I0.I37.I6.I_enjoint.I_jcb,646,167
Ipsm.Iblquad.I_lqtr.I0.I37.I6.I_hilojoint.I_jcb,646,166
Ipsm.Iblquad.I_lqtr.I0.I37.I7.I_enjoint.I_jcb,646,163
Ipsm.Iblquad.I_lqtr.I0.I37.I7.I_hilojoint.I_jcb,646,162
Ipsm.Iblquad.I_lqtr.I0.I37.I8.I_enjoint.I_jcb,646,158
Ipsm.Iblquad.I_lqtr.I0.I37.I8.I_hilojoint.I_jcb,646,157
Ipsm.Iblquad.I_lqtr.I0.I37.I9.I_enjoint.I_jcb,646,153
Ipsm.Iblquad.I_lqtr.I0.I37.I9.I_hilojoint.I_jcb,646,152
Ipsm.Iblquad.I_lqtr.I4.I34.I10.I_enjoint.I_jcb,646,275
Ipsm.Iblquad.I_lqtr.I4.I34.I10.I_hilojoint.I_jcb,646,274
Ipsm.Iblquad.I_lqtr.I4.I34.I6.I_enjoint.I_jcb,646,293
Ipsm.Iblquad.I_lqtr.I4.I34.I6.I_hilojoint.I_jcb,646,292
Ipsm.Iblquad.I_lqtr.I4.I34.I7.I_enjoint.I_jcb,646,289
Ipsm.Iblquad.I_lqtr.I4.I34.I7.I_hilojoint.I_jcb,646,288
Ipsm.Iblquad.I_lqtr.I4.I34.I8.I_enjoint.I_jcb,646,284
Ipsm.Iblquad.I_lqtr.I4.I34.I8.I_hilojoint.I_jcb,646,283
Ipsm.Iblquad.I_lqtr.I4.I34.I9.I_enjoint.I_jcb,646,279
Ipsm.Iblquad.I_lqtr.I4.I34.I9.I_hilojoint.I_jcb,646,278
Ipsm.Iblquad.I_lqtr.I4.I35.I10.I_enjoint.I_jcb,646,296
Ipsm.Iblquad.I_lqtr.I4.I35.I10.I_hilojoint.I_jcb,646,295
Ipsm.Iblquad.I_lqtr.I4.I35.I6.I_enjoint.I_jcb,646,314
Ipsm.Iblquad.I_lqtr.I4.I35.I6.I_hilojoint.I_jcb,646,313
Ipsm.Iblquad.I_lqtr.I4.I35.I7.I_enjoint.I_jcb,646,310
Ipsm.Iblquad.I_lqtr.I4.I35.I7.I_hilojoint.I_jcb,646,309
Ipsm.Iblquad.I_lqtr.I4.I35.I8.I_enjoint.I_jcb,646,305
Ipsm.Iblquad.I_lqtr.I4.I35.I8.I_hilojoint.I_jcb,646,304
Ipsm.Iblquad.I_lqtr.I4.I35.I9.I_enjoint.I_jcb,646,300
Ipsm.Iblquad.I_lqtr.I4.I35.I9.I_hilojoint.I_jcb,646,299
Ipsm.Iblquad.I_lqtr.I4.I36.I10.I_enjoint.I_jcb,646,338
Ipsm.Iblquad.I_lqtr.I4.I36.I10.I_hilojoint.I_jcb,646,337
Ipsm.Iblquad.I_lqtr.I4.I36.I6.I_enjoint.I_jcb,646,356
Ipsm.Iblquad.I_lqtr.I4.I36.I6.I_hilojoint.I_jcb,646,355
Ipsm.Iblquad.I_lqtr.I4.I36.I7.I_enjoint.I_jcb,646,352
Ipsm.Iblquad.I_lqtr.I4.I36.I7.I_hilojoint.I_jcb,646,351
Ipsm.Iblquad.I_lqtr.I4.I36.I8.I_enjoint.I_jcb,646,347
Ipsm.Iblquad.I_lqtr.I4.I36.I8.I_hilojoint.I_jcb,646,346
Ipsm.Iblquad.I_lqtr.I4.I36.I9.I_enjoint.I_jcb,646,342
Ipsm.Iblquad.I_lqtr.I4.I36.I9.I_hilojoint.I_jcb,646,341
Ipsm.Iblquad.I_lqtr.I4.I37.I10.I_enjoint.I_jcb,646,317
Ipsm.Iblquad.I_lqtr.I4.I37.I10.I_hilojoint.I_jcb,646,316
Ipsm.Iblquad.I_lqtr.I4.I37.I6.I_enjoint.I_jcb,646,335
Ipsm.Iblquad.I_lqtr.I4.I37.I6.I_hilojoint.I_jcb,646,334
Ipsm.Iblquad.I_lqtr.I4.I37.I7.I_enjoint.I_jcb,646,331
Ipsm.Iblquad.I_lqtr.I4.I37.I7.I_hilojoint.I_jcb,646,330
Ipsm.Iblquad.I_lqtr.I4.I37.I8.I_enjoint.I_jcb,646,326
Ipsm.Iblquad.I_lqtr.I4.I37.I8.I_hilojoint.I_jcb,646,325
Ipsm.Iblquad.I_lqtr.I4.I37.I9.I_enjoint.I_jcb,646,321
Ipsm.Iblquad.I_lqtr.I4.I37.I9.I_hilojoint.I_jcb,646,320
Ipsm.Iblquad.I_lqtr.I5.I34.I10.I_enjoint.I_jcb,646,191
Ipsm.Iblquad.I_lqtr.I5.I34.I10.I_hilojoint.I_jcb,646,190
Ipsm.Iblquad.I_lqtr.I5.I34.I6.I_enjoint.I_jcb,646,209
Ipsm.Iblquad.I_lqtr.I5.I34.I6.I_hilojoint.I_jcb,646,208
Ipsm.Iblquad.I_lqtr.I5.I34.I7.I_enjoint.I_jcb,646,205
Ipsm.Iblquad.I_lqtr.I5.I34.I7.I_hilojoint.I_jcb,646,204
Ipsm.Iblquad.I_lqtr.I5.I34.I8.I_enjoint.I_jcb,646,200
Ipsm.Iblquad.I_lqtr.I5.I34.I8.I_hilojoint.I_jcb,646,199
Ipsm.Iblquad.I_lqtr.I5.I34.I9.I_enjoint.I_jcb,646,195
Ipsm.Iblquad.I_lqtr.I5.I34.I9.I_hilojoint.I_jcb,646,194
Ipsm.Iblquad.I_lqtr.I5.I35.I10.I_enjoint.I_jcb,646,212
Ipsm.Iblquad.I_lqtr.I5.I35.I10.I_hilojoint.I_jcb,646,211
Ipsm.Iblquad.I_lqtr.I5.I35.I6.I_enjoint.I_jcb,646,230
Ipsm.Iblquad.I_lqtr.I5.I35.I6.I_hilojoint.I_jcb,646,229
Ipsm.Iblquad.I_lqtr.I5.I35.I7.I_enjoint.I_jcb,646,226
Ipsm.Iblquad.I_lqtr.I5.I35.I7.I_hilojoint.I_jcb,646,225
Ipsm.Iblquad.I_lqtr.I5.I35.I8.I_enjoint.I_jcb,646,221
Ipsm.Iblquad.I_lqtr.I5.I35.I8.I_hilojoint.I_jcb,646,220
Ipsm.Iblquad.I_lqtr.I5.I35.I9.I_enjoint.I_jcb,646,216
Ipsm.Iblquad.I_lqtr.I5.I35.I9.I_hilojoint.I_jcb,646,215
Ipsm.Iblquad.I_lqtr.I5.I36.I10.I_enjoint.I_jcb,646,254
Ipsm.Iblquad.I_lqtr.I5.I36.I10.I_hilojoint.I_jcb,646,253
Ipsm.Iblquad.I_lqtr.I5.I36.I6.I_enjoint.I_jcb,646,272
Ipsm.Iblquad.I_lqtr.I5.I36.I6.I_hilojoint.I_jcb,646,271
Ipsm.Iblquad.I_lqtr.I5.I36.I7.I_enjoint.I_jcb,646,268
Ipsm.Iblquad.I_lqtr.I5.I36.I7.I_hilojoint.I_jcb,646,267
Ipsm.Iblquad.I_lqtr.I5.I36.I8.I_enjoint.I_jcb,646,263
Ipsm.Iblquad.I_lqtr.I5.I36.I8.I_hilojoint.I_jcb,646,262
Ipsm.Iblquad.I_lqtr.I5.I36.I9.I_enjoint.I_jcb,646,258
Ipsm.Iblquad.I_lqtr.I5.I36.I9.I_hilojoint.I_jcb,646,257
Ipsm.Iblquad.I_lqtr.I5.I37.I10.I_enjoint.I_jcb,646,233
Ipsm.Iblquad.I_lqtr.I5.I37.I10.I_hilojoint.I_jcb,646,232
Ipsm.Iblquad.I_lqtr.I5.I37.I6.I_enjoint.I_jcb,646,251
Ipsm.Iblquad.I_lqtr.I5.I37.I6.I_hilojoint.I_jcb,646,250
Ipsm.Iblquad.I_lqtr.I5.I37.I7.I_enjoint.I_jcb,646,247
Ipsm.Iblquad.I_lqtr.I5.I37.I7.I_hilojoint.I_jcb,646,246
Ipsm.Iblquad.I_lqtr.I5.I37.I8.I_enjoint.I_jcb,646,242
Ipsm.Iblquad.I_lqtr.I5.I37.I8.I_hilojoint.I_jcb,646,241
Ipsm.Iblquad.I_lqtr.I5.I37.I9.I_enjoint.I_jcb,646,237
Ipsm.Iblquad.I_lqtr.I5.I37.I9.I_hilojoint.I_jcb,646,236
Ipsm.Iblquad.I_lqtr.I8.I10.I_enjoint.I_jcb,646,2
Ipsm.Iblquad.I_lqtr.I8.I10.I_hilojoint.I_jcb,646,1
Ipsm.Iblquad.I_lqtr.I8.I6.I_enjoint.I_jcb,646,20
Ipsm.Iblquad.I_lqtr.I8.I6.I_hilojoint.I_jcb,646,19
Ipsm.Iblquad.I_lqtr.I8.I7.I_enjoint.I_jcb,646,16
Ipsm.Iblquad.I_lqtr.I8.I7.I_hilojoint.I_jcb,646,15
Ipsm.Iblquad.I_lqtr.I8.I8.I_enjoint.I_jcb,646,11
Ipsm.Iblquad.I_lqtr.I8.I8.I_hilojoint.I_jcb,646,10
Ipsm.Iblquad.I_lqtr.I8.I9.I_enjoint.I_jcb,646,6
Ipsm.Iblquad.I_lqtr.I8.I9.I_hilojoint.I_jcb,646,5
Ipsm.Iblquad.I_lqtr.I9.I34.I10.I_enjoint.I_jcb,646,23
Ipsm.Iblquad.I_lqtr.I9.I34.I10.I_hilojoint.I_jcb,646,22
Ipsm.Iblquad.I_lqtr.I9.I34.I6.I_enjoint.I_jcb,646,41
Ipsm.Iblquad.I_lqtr.I9.I34.I6.I_hilojoint.I_jcb,646,40
Ipsm.Iblquad.I_lqtr.I9.I34.I7.I_enjoint.I_jcb,646,37
Ipsm.Iblquad.I_lqtr.I9.I34.I7.I_hilojoint.I_jcb,646,36
Ipsm.Iblquad.I_lqtr.I9.I34.I8.I_enjoint.I_jcb,646,32
Ipsm.Iblquad.I_lqtr.I9.I34.I8.I_hilojoint.I_jcb,646,31
Ipsm.Iblquad.I_lqtr.I9.I34.I9.I_enjoint.I_jcb,646,27
Ipsm.Iblquad.I_lqtr.I9.I34.I9.I_hilojoint.I_jcb,646,26
Ipsm.Iblquad.I_lqtr.I9.I35.I10.I_enjoint.I_jcb,646,44
Ipsm.Iblquad.I_lqtr.I9.I35.I10.I_hilojoint.I_jcb,646,43
Ipsm.Iblquad.I_lqtr.I9.I35.I6.I_enjoint.I_jcb,646,62
Ipsm.Iblquad.I_lqtr.I9.I35.I6.I_hilojoint.I_jcb,646,61
Ipsm.Iblquad.I_lqtr.I9.I35.I7.I_enjoint.I_jcb,646,58
Ipsm.Iblquad.I_lqtr.I9.I35.I7.I_hilojoint.I_jcb,646,57
Ipsm.Iblquad.I_lqtr.I9.I35.I8.I_enjoint.I_jcb,646,53
Ipsm.Iblquad.I_lqtr.I9.I35.I8.I_hilojoint.I_jcb,646,52
Ipsm.Iblquad.I_lqtr.I9.I35.I9.I_enjoint.I_jcb,646,48
Ipsm.Iblquad.I_lqtr.I9.I35.I9.I_hilojoint.I_jcb,646,47
Ipsm.Iblquad.I_lqtr.I9.I36.I10.I_enjoint.I_jcb,646,86
Ipsm.Iblquad.I_lqtr.I9.I36.I10.I_hilojoint.I_jcb,646,85
Ipsm.Iblquad.I_lqtr.I9.I36.I6.I_enjoint.I_jcb,646,104
Ipsm.Iblquad.I_lqtr.I9.I36.I6.I_hilojoint.I_jcb,646,103
Ipsm.Iblquad.I_lqtr.I9.I36.I7.I_enjoint.I_jcb,646,100
Ipsm.Iblquad.I_lqtr.I9.I36.I7.I_hilojoint.I_jcb,646,99
Ipsm.Iblquad.I_lqtr.I9.I36.I8.I_enjoint.I_jcb,646,95
Ipsm.Iblquad.I_lqtr.I9.I36.I8.I_hilojoint.I_jcb,646,94
Ipsm.Iblquad.I_lqtr.I9.I36.I9.I_enjoint.I_jcb,646,90
Ipsm.Iblquad.I_lqtr.I9.I36.I9.I_hilojoint.I_jcb,646,89
Ipsm.Iblquad.I_lqtr.I9.I37.I10.I_enjoint.I_jcb,646,65
Ipsm.Iblquad.I_lqtr.I9.I37.I10.I_hilojoint.I_jcb,646,64
Ipsm.Iblquad.I_lqtr.I9.I37.I6.I_enjoint.I_jcb,646,83
Ipsm.Iblquad.I_lqtr.I9.I37.I6.I_hilojoint.I_jcb,646,82
Ipsm.Iblquad.I_lqtr.I9.I37.I7.I_enjoint.I_jcb,646,79
Ipsm.Iblquad.I_lqtr.I9.I37.I7.I_hilojoint.I_jcb,646,78
Ipsm.Iblquad.I_lqtr.I9.I37.I8.I_enjoint.I_jcb,646,74
Ipsm.Iblquad.I_lqtr.I9.I37.I8.I_hilojoint.I_jcb,646,73
Ipsm.Iblquad.I_lqtr.I9.I37.I9.I_enjoint.I_jcb,646,69
Ipsm.Iblquad.I_lqtr.I9.I37.I9.I_hilojoint.I_jcb,646,68
Ipsm.Ibrquad.I_rqtr.I0.I34.I10.I_enjoint.I_jcb,646,527
Ipsm.Ibrquad.I_rqtr.I0.I34.I10.I_hilojoint.I_jcb,646,526
Ipsm.Ibrquad.I_rqtr.I0.I34.I6.I_enjoint.I_jcb,646,545
Ipsm.Ibrquad.I_rqtr.I0.I34.I6.I_hilojoint.I_jcb,646,544
Ipsm.Ibrquad.I_rqtr.I0.I34.I7.I_enjoint.I_jcb,646,541
Ipsm.Ibrquad.I_rqtr.I0.I34.I7.I_hilojoint.I_jcb,646,540
Ipsm.Ibrquad.I_rqtr.I0.I34.I8.I_enjoint.I_jcb,646,536
Ipsm.Ibrquad.I_rqtr.I0.I34.I8.I_hilojoint.I_jcb,646,535
Ipsm.Ibrquad.I_rqtr.I0.I34.I9.I_enjoint.I_jcb,646,531
Ipsm.Ibrquad.I_rqtr.I0.I34.I9.I_hilojoint.I_jcb,646,530
Ipsm.Ibrquad.I_rqtr.I0.I35.I10.I_enjoint.I_jcb,646,548
Ipsm.Ibrquad.I_rqtr.I0.I35.I10.I_hilojoint.I_jcb,646,547
Ipsm.Ibrquad.I_rqtr.I0.I35.I6.I_enjoint.I_jcb,646,566
Ipsm.Ibrquad.I_rqtr.I0.I35.I6.I_hilojoint.I_jcb,646,565
Ipsm.Ibrquad.I_rqtr.I0.I35.I7.I_enjoint.I_jcb,646,562
Ipsm.Ibrquad.I_rqtr.I0.I35.I7.I_hilojoint.I_jcb,646,561
Ipsm.Ibrquad.I_rqtr.I0.I35.I8.I_enjoint.I_jcb,646,557
Ipsm.Ibrquad.I_rqtr.I0.I35.I8.I_hilojoint.I_jcb,646,556
Ipsm.Ibrquad.I_rqtr.I0.I35.I9.I_enjoint.I_jcb,646,552
Ipsm.Ibrquad.I_rqtr.I0.I35.I9.I_hilojoint.I_jcb,646,551
Ipsm.Ibrquad.I_rqtr.I0.I36.I10.I_enjoint.I_jcb,646,590
Ipsm.Ibrquad.I_rqtr.I0.I36.I10.I_hilojoint.I_jcb,646,589
Ipsm.Ibrquad.I_rqtr.I0.I36.I6.I_enjoint.I_jcb,646,608
Ipsm.Ibrquad.I_rqtr.I0.I36.I6.I_hilojoint.I_jcb,646,607
Ipsm.Ibrquad.I_rqtr.I0.I36.I7.I_enjoint.I_jcb,646,604
Ipsm.Ibrquad.I_rqtr.I0.I36.I7.I_hilojoint.I_jcb,646,603
Ipsm.Ibrquad.I_rqtr.I0.I36.I8.I_enjoint.I_jcb,646,599
Ipsm.Ibrquad.I_rqtr.I0.I36.I8.I_hilojoint.I_jcb,646,598
Ipsm.Ibrquad.I_rqtr.I0.I36.I9.I_enjoint.I_jcb,646,594
Ipsm.Ibrquad.I_rqtr.I0.I36.I9.I_hilojoint.I_jcb,646,593
Ipsm.Ibrquad.I_rqtr.I0.I37.I10.I_enjoint.I_jcb,646,569
Ipsm.Ibrquad.I_rqtr.I0.I37.I10.I_hilojoint.I_jcb,646,568
Ipsm.Ibrquad.I_rqtr.I0.I37.I6.I_enjoint.I_jcb,646,587
Ipsm.Ibrquad.I_rqtr.I0.I37.I6.I_hilojoint.I_jcb,646,586
Ipsm.Ibrquad.I_rqtr.I0.I37.I7.I_enjoint.I_jcb,646,583
Ipsm.Ibrquad.I_rqtr.I0.I37.I7.I_hilojoint.I_jcb,646,582
Ipsm.Ibrquad.I_rqtr.I0.I37.I8.I_enjoint.I_jcb,646,578
Ipsm.Ibrquad.I_rqtr.I0.I37.I8.I_hilojoint.I_jcb,646,577
Ipsm.Ibrquad.I_rqtr.I0.I37.I9.I_enjoint.I_jcb,646,573
Ipsm.Ibrquad.I_rqtr.I0.I37.I9.I_hilojoint.I_jcb,646,572
Ipsm.Ibrquad.I_rqtr.I3.I34.I10.I_enjoint.I_jcb,646,443
Ipsm.Ibrquad.I_rqtr.I3.I34.I10.I_hilojoint.I_jcb,646,442
Ipsm.Ibrquad.I_rqtr.I3.I34.I6.I_enjoint.I_jcb,646,461
Ipsm.Ibrquad.I_rqtr.I3.I34.I6.I_hilojoint.I_jcb,646,460
Ipsm.Ibrquad.I_rqtr.I3.I34.I7.I_enjoint.I_jcb,646,457
Ipsm.Ibrquad.I_rqtr.I3.I34.I7.I_hilojoint.I_jcb,646,456
Ipsm.Ibrquad.I_rqtr.I3.I34.I8.I_enjoint.I_jcb,646,452
Ipsm.Ibrquad.I_rqtr.I3.I34.I8.I_hilojoint.I_jcb,646,451
Ipsm.Ibrquad.I_rqtr.I3.I34.I9.I_enjoint.I_jcb,646,447
Ipsm.Ibrquad.I_rqtr.I3.I34.I9.I_hilojoint.I_jcb,646,446
Ipsm.Ibrquad.I_rqtr.I3.I35.I10.I_enjoint.I_jcb,646,464
Ipsm.Ibrquad.I_rqtr.I3.I35.I10.I_hilojoint.I_jcb,646,463
Ipsm.Ibrquad.I_rqtr.I3.I35.I6.I_enjoint.I_jcb,646,482
Ipsm.Ibrquad.I_rqtr.I3.I35.I6.I_hilojoint.I_jcb,646,481
Ipsm.Ibrquad.I_rqtr.I3.I35.I7.I_enjoint.I_jcb,646,478
Ipsm.Ibrquad.I_rqtr.I3.I35.I7.I_hilojoint.I_jcb,646,477
Ipsm.Ibrquad.I_rqtr.I3.I35.I8.I_enjoint.I_jcb,646,473
Ipsm.Ibrquad.I_rqtr.I3.I35.I8.I_hilojoint.I_jcb,646,472
Ipsm.Ibrquad.I_rqtr.I3.I35.I9.I_enjoint.I_jcb,646,468
Ipsm.Ibrquad.I_rqtr.I3.I35.I9.I_hilojoint.I_jcb,646,467
Ipsm.Ibrquad.I_rqtr.I3.I36.I10.I_enjoint.I_jcb,646,506
Ipsm.Ibrquad.I_rqtr.I3.I36.I10.I_hilojoint.I_jcb,646,505
Ipsm.Ibrquad.I_rqtr.I3.I36.I6.I_enjoint.I_jcb,646,524
Ipsm.Ibrquad.I_rqtr.I3.I36.I6.I_hilojoint.I_jcb,646,523
Ipsm.Ibrquad.I_rqtr.I3.I36.I7.I_enjoint.I_jcb,646,520
Ipsm.Ibrquad.I_rqtr.I3.I36.I7.I_hilojoint.I_jcb,646,519
Ipsm.Ibrquad.I_rqtr.I3.I36.I8.I_enjoint.I_jcb,646,515
Ipsm.Ibrquad.I_rqtr.I3.I36.I8.I_hilojoint.I_jcb,646,514
Ipsm.Ibrquad.I_rqtr.I3.I36.I9.I_enjoint.I_jcb,646,510
Ipsm.Ibrquad.I_rqtr.I3.I36.I9.I_hilojoint.I_jcb,646,509
Ipsm.Ibrquad.I_rqtr.I3.I37.I10.I_enjoint.I_jcb,646,485
Ipsm.Ibrquad.I_rqtr.I3.I37.I10.I_hilojoint.I_jcb,646,484
Ipsm.Ibrquad.I_rqtr.I3.I37.I6.I_enjoint.I_jcb,646,503
Ipsm.Ibrquad.I_rqtr.I3.I37.I6.I_hilojoint.I_jcb,646,502
Ipsm.Ibrquad.I_rqtr.I3.I37.I7.I_enjoint.I_jcb,646,499
Ipsm.Ibrquad.I_rqtr.I3.I37.I7.I_hilojoint.I_jcb,646,498
Ipsm.Ibrquad.I_rqtr.I3.I37.I8.I_enjoint.I_jcb,646,494
Ipsm.Ibrquad.I_rqtr.I3.I37.I8.I_hilojoint.I_jcb,646,493
Ipsm.Ibrquad.I_rqtr.I3.I37.I9.I_enjoint.I_jcb,646,489
Ipsm.Ibrquad.I_rqtr.I3.I37.I9.I_hilojoint.I_jcb,646,488
Ipsm.Ibrquad.I_rqtr.I5.I34.I10.I_enjoint.I_jcb,646,611
Ipsm.Ibrquad.I_rqtr.I5.I34.I10.I_hilojoint.I_jcb,646,610
Ipsm.Ibrquad.I_rqtr.I5.I34.I6.I_enjoint.I_jcb,646,629
Ipsm.Ibrquad.I_rqtr.I5.I34.I6.I_hilojoint.I_jcb,646,628
Ipsm.Ibrquad.I_rqtr.I5.I34.I7.I_enjoint.I_jcb,646,625
Ipsm.Ibrquad.I_rqtr.I5.I34.I7.I_hilojoint.I_jcb,646,624
Ipsm.Ibrquad.I_rqtr.I5.I34.I8.I_enjoint.I_jcb,646,620
Ipsm.Ibrquad.I_rqtr.I5.I34.I8.I_hilojoint.I_jcb,646,619
Ipsm.Ibrquad.I_rqtr.I5.I34.I9.I_enjoint.I_jcb,646,615
Ipsm.Ibrquad.I_rqtr.I5.I34.I9.I_hilojoint.I_jcb,646,614
Ipsm.Ibrquad.I_rqtr.I5.I35.I10.I_enjoint.I_jcb,646,632
Ipsm.Ibrquad.I_rqtr.I5.I35.I10.I_hilojoint.I_jcb,646,631
Ipsm.Ibrquad.I_rqtr.I5.I35.I6.I_enjoint.I_jcb,646,650
Ipsm.Ibrquad.I_rqtr.I5.I35.I6.I_hilojoint.I_jcb,646,649
Ipsm.Ibrquad.I_rqtr.I5.I35.I7.I_enjoint.I_jcb,646,646
Ipsm.Ibrquad.I_rqtr.I5.I35.I7.I_hilojoint.I_jcb,646,645
Ipsm.Ibrquad.I_rqtr.I5.I35.I8.I_enjoint.I_jcb,646,641
Ipsm.Ibrquad.I_rqtr.I5.I35.I8.I_hilojoint.I_jcb,646,640
Ipsm.Ibrquad.I_rqtr.I5.I35.I9.I_enjoint.I_jcb,646,636
Ipsm.Ibrquad.I_rqtr.I5.I35.I9.I_hilojoint.I_jcb,646,635
Ipsm.Ibrquad.I_rqtr.I5.I36.I10.I_enjoint.I_jcb,646,674
Ipsm.Ibrquad.I_rqtr.I5.I36.I10.I_hilojoint.I_jcb,646,673
Ipsm.Ibrquad.I_rqtr.I5.I36.I6.I_enjoint.I_jcb,646,692
Ipsm.Ibrquad.I_rqtr.I5.I36.I6.I_hilojoint.I_jcb,646,691
Ipsm.Ibrquad.I_rqtr.I5.I36.I7.I_enjoint.I_jcb,646,688
Ipsm.Ibrquad.I_rqtr.I5.I36.I7.I_hilojoint.I_jcb,646,687
Ipsm.Ibrquad.I_rqtr.I5.I36.I8.I_enjoint.I_jcb,646,683
Ipsm.Ibrquad.I_rqtr.I5.I36.I8.I_hilojoint.I_jcb,646,682
Ipsm.Ibrquad.I_rqtr.I5.I36.I9.I_enjoint.I_jcb,646,678
Ipsm.Ibrquad.I_rqtr.I5.I36.I9.I_hilojoint.I_jcb,646,677
Ipsm.Ibrquad.I_rqtr.I5.I37.I10.I_enjoint.I_jcb,646,653
Ipsm.Ibrquad.I_rqtr.I5.I37.I10.I_hilojoint.I_jcb,646,652
Ipsm.Ibrquad.I_rqtr.I5.I37.I6.I_enjoint.I_jcb,646,671
Ipsm.Ibrquad.I_rqtr.I5.I37.I6.I_hilojoint.I_jcb,646,670
Ipsm.Ibrquad.I_rqtr.I5.I37.I7.I_enjoint.I_jcb,646,667
Ipsm.Ibrquad.I_rqtr.I5.I37.I7.I_hilojoint.I_jcb,646,666
Ipsm.Ibrquad.I_rqtr.I5.I37.I8.I_enjoint.I_jcb,646,662
Ipsm.Ibrquad.I_rqtr.I5.I37.I8.I_hilojoint.I_jcb,646,661
Ipsm.Ibrquad.I_rqtr.I5.I37.I9.I_enjoint.I_jcb,646,657
Ipsm.Ibrquad.I_rqtr.I5.I37.I9.I_hilojoint.I_jcb,646,656
Ipsm.Ibrquad.I_rqtr.I7.I10.I_enjoint.I_jcb,646,695
Ipsm.Ibrquad.I_rqtr.I7.I10.I_hilojoint.I_jcb,646,694
Ipsm.Ibrquad.I_rqtr.I7.I6.I_enjoint.I_jcb,646,713
Ipsm.Ibrquad.I_rqtr.I7.I6.I_hilojoint.I_jcb,646,712
Ipsm.Ibrquad.I_rqtr.I7.I7.I_enjoint.I_jcb,646,709
Ipsm.Ibrquad.I_rqtr.I7.I7.I_hilojoint.I_jcb,646,708
Ipsm.Ibrquad.I_rqtr.I7.I8.I_enjoint.I_jcb,646,704
Ipsm.Ibrquad.I_rqtr.I7.I8.I_hilojoint.I_jcb,646,703
Ipsm.Ibrquad.I_rqtr.I7.I9.I_enjoint.I_jcb,646,699
Ipsm.Ibrquad.I_rqtr.I7.I9.I_hilojoint.I_jcb,646,698
Ipsm.Ibrquad.I_rqtr.I8.I34.I10.I_enjoint.I_jcb,646,359
Ipsm.Ibrquad.I_rqtr.I8.I34.I10.I_hilojoint.I_jcb,646,358
Ipsm.Ibrquad.I_rqtr.I8.I34.I6.I_enjoint.I_jcb,646,377
Ipsm.Ibrquad.I_rqtr.I8.I34.I6.I_hilojoint.I_jcb,646,376
Ipsm.Ibrquad.I_rqtr.I8.I34.I7.I_enjoint.I_jcb,646,373
Ipsm.Ibrquad.I_rqtr.I8.I34.I7.I_hilojoint.I_jcb,646,372
Ipsm.Ibrquad.I_rqtr.I8.I34.I8.I_enjoint.I_jcb,646,368
Ipsm.Ibrquad.I_rqtr.I8.I34.I8.I_hilojoint.I_jcb,646,367
Ipsm.Ibrquad.I_rqtr.I8.I34.I9.I_enjoint.I_jcb,646,363
Ipsm.Ibrquad.I_rqtr.I8.I34.I9.I_hilojoint.I_jcb,646,362
Ipsm.Ibrquad.I_rqtr.I8.I35.I10.I_enjoint.I_jcb,646,380
Ipsm.Ibrquad.I_rqtr.I8.I35.I10.I_hilojoint.I_jcb,646,379
Ipsm.Ibrquad.I_rqtr.I8.I35.I6.I_enjoint.I_jcb,646,398
Ipsm.Ibrquad.I_rqtr.I8.I35.I6.I_hilojoint.I_jcb,646,397
Ipsm.Ibrquad.I_rqtr.I8.I35.I7.I_enjoint.I_jcb,646,394
Ipsm.Ibrquad.I_rqtr.I8.I35.I7.I_hilojoint.I_jcb,646,393
Ipsm.Ibrquad.I_rqtr.I8.I35.I8.I_enjoint.I_jcb,646,389
Ipsm.Ibrquad.I_rqtr.I8.I35.I8.I_hilojoint.I_jcb,646,388
Ipsm.Ibrquad.I_rqtr.I8.I35.I9.I_enjoint.I_jcb,646,384
Ipsm.Ibrquad.I_rqtr.I8.I35.I9.I_hilojoint.I_jcb,646,383
Ipsm.Ibrquad.I_rqtr.I8.I36.I10.I_enjoint.I_jcb,646,422
Ipsm.Ibrquad.I_rqtr.I8.I36.I10.I_hilojoint.I_jcb,646,421
Ipsm.Ibrquad.I_rqtr.I8.I36.I6.I_enjoint.I_jcb,646,440
Ipsm.Ibrquad.I_rqtr.I8.I36.I6.I_hilojoint.I_jcb,646,439
Ipsm.Ibrquad.I_rqtr.I8.I36.I7.I_enjoint.I_jcb,646,436
Ipsm.Ibrquad.I_rqtr.I8.I36.I7.I_hilojoint.I_jcb,646,435
Ipsm.Ibrquad.I_rqtr.I8.I36.I8.I_enjoint.I_jcb,646,431
Ipsm.Ibrquad.I_rqtr.I8.I36.I8.I_hilojoint.I_jcb,646,430
Ipsm.Ibrquad.I_rqtr.I8.I36.I9.I_enjoint.I_jcb,646,426
Ipsm.Ibrquad.I_rqtr.I8.I36.I9.I_hilojoint.I_jcb,646,425
Ipsm.Ibrquad.I_rqtr.I8.I37.I10.I_enjoint.I_jcb,646,401
Ipsm.Ibrquad.I_rqtr.I8.I37.I10.I_hilojoint.I_jcb,646,400
Ipsm.Ibrquad.I_rqtr.I8.I37.I6.I_enjoint.I_jcb,646,419
Ipsm.Ibrquad.I_rqtr.I8.I37.I6.I_hilojoint.I_jcb,646,418
Ipsm.Ibrquad.I_rqtr.I8.I37.I7.I_enjoint.I_jcb,646,415
Ipsm.Ibrquad.I_rqtr.I8.I37.I7.I_hilojoint.I_jcb,646,414
Ipsm.Ibrquad.I_rqtr.I8.I37.I8.I_enjoint.I_jcb,646,410
Ipsm.Ibrquad.I_rqtr.I8.I37.I8.I_hilojoint.I_jcb,646,409
Ipsm.Ibrquad.I_rqtr.I8.I37.I9.I_enjoint.I_jcb,646,405
Ipsm.Ibrquad.I_rqtr.I8.I37.I9.I_hilojoint.I_jcb,646,404
Ipsm.Itlquad.I_lqtr.I0.I34.I10.I_enjoint.I_jcb,253,107
Ipsm.Itlquad.I_lqtr.I0.I34.I10.I_hilojoint.I_jcb,253,106
Ipsm.Itlquad.I_lqtr.I0.I34.I6.I_enjoint.I_jcb,253,125
Ipsm.Itlquad.I_lqtr.I0.I34.I6.I_hilojoint.I_jcb,253,124
Ipsm.Itlquad.I_lqtr.I0.I34.I7.I_enjoint.I_jcb,253,121
Ipsm.Itlquad.I_lqtr.I0.I34.I7.I_hilojoint.I_jcb,253,120
Ipsm.Itlquad.I_lqtr.I0.I34.I8.I_enjoint.I_jcb,253,116
Ipsm.Itlquad.I_lqtr.I0.I34.I8.I_hilojoint.I_jcb,253,115
Ipsm.Itlquad.I_lqtr.I0.I34.I9.I_enjoint.I_jcb,253,111
Ipsm.Itlquad.I_lqtr.I0.I34.I9.I_hilojoint.I_jcb,253,110
Ipsm.Itlquad.I_lqtr.I0.I35.I10.I_enjoint.I_jcb,253,128
Ipsm.Itlquad.I_lqtr.I0.I35.I10.I_hilojoint.I_jcb,253,127
Ipsm.Itlquad.I_lqtr.I0.I35.I6.I_enjoint.I_jcb,253,146
Ipsm.Itlquad.I_lqtr.I0.I35.I6.I_hilojoint.I_jcb,253,145
Ipsm.Itlquad.I_lqtr.I0.I35.I7.I_enjoint.I_jcb,253,142
Ipsm.Itlquad.I_lqtr.I0.I35.I7.I_hilojoint.I_jcb,253,141
Ipsm.Itlquad.I_lqtr.I0.I35.I8.I_enjoint.I_jcb,253,137
Ipsm.Itlquad.I_lqtr.I0.I35.I8.I_hilojoint.I_jcb,253,136
Ipsm.Itlquad.I_lqtr.I0.I35.I9.I_enjoint.I_jcb,253,132
Ipsm.Itlquad.I_lqtr.I0.I35.I9.I_hilojoint.I_jcb,253,131
Ipsm.Itlquad.I_lqtr.I0.I36.I10.I_enjoint.I_jcb,253,170
Ipsm.Itlquad.I_lqtr.I0.I36.I10.I_hilojoint.I_jcb,253,169
Ipsm.Itlquad.I_lqtr.I0.I36.I6.I_enjoint.I_jcb,253,188
Ipsm.Itlquad.I_lqtr.I0.I36.I6.I_hilojoint.I_jcb,253,187
Ipsm.Itlquad.I_lqtr.I0.I36.I7.I_enjoint.I_jcb,253,184
Ipsm.Itlquad.I_lqtr.I0.I36.I7.I_hilojoint.I_jcb,253,183
Ipsm.Itlquad.I_lqtr.I0.I36.I8.I_enjoint.I_jcb,253,179
Ipsm.Itlquad.I_lqtr.I0.I36.I8.I_hilojoint.I_jcb,253,178
Ipsm.Itlquad.I_lqtr.I0.I36.I9.I_enjoint.I_jcb,253,174
Ipsm.Itlquad.I_lqtr.I0.I36.I9.I_hilojoint.I_jcb,253,173
Ipsm.Itlquad.I_lqtr.I0.I37.I10.I_enjoint.I_jcb,253,149
Ipsm.Itlquad.I_lqtr.I0.I37.I10.I_hilojoint.I_jcb,253,148
Ipsm.Itlquad.I_lqtr.I0.I37.I6.I_enjoint.I_jcb,253,167
Ipsm.Itlquad.I_lqtr.I0.I37.I6.I_hilojoint.I_jcb,253,166
Ipsm.Itlquad.I_lqtr.I0.I37.I7.I_enjoint.I_jcb,253,163
Ipsm.Itlquad.I_lqtr.I0.I37.I7.I_hilojoint.I_jcb,253,162
Ipsm.Itlquad.I_lqtr.I0.I37.I8.I_enjoint.I_jcb,253,158
Ipsm.Itlquad.I_lqtr.I0.I37.I8.I_hilojoint.I_jcb,253,157
Ipsm.Itlquad.I_lqtr.I0.I37.I9.I_enjoint.I_jcb,253,153
Ipsm.Itlquad.I_lqtr.I0.I37.I9.I_hilojoint.I_jcb,253,152
Ipsm.Itlquad.I_lqtr.I4.I34.I10.I_enjoint.I_jcb,253,275
Ipsm.Itlquad.I_lqtr.I4.I34.I10.I_hilojoint.I_jcb,253,274
Ipsm.Itlquad.I_lqtr.I4.I34.I6.I_enjoint.I_jcb,253,293
Ipsm.Itlquad.I_lqtr.I4.I34.I6.I_hilojoint.I_jcb,253,292
Ipsm.Itlquad.I_lqtr.I4.I34.I7.I_enjoint.I_jcb,253,289
Ipsm.Itlquad.I_lqtr.I4.I34.I7.I_hilojoint.I_jcb,253,288
Ipsm.Itlquad.I_lqtr.I4.I34.I8.I_enjoint.I_jcb,253,284
Ipsm.Itlquad.I_lqtr.I4.I34.I8.I_hilojoint.I_jcb,253,283
Ipsm.Itlquad.I_lqtr.I4.I34.I9.I_enjoint.I_jcb,253,279
Ipsm.Itlquad.I_lqtr.I4.I34.I9.I_hilojoint.I_jcb,253,278
Ipsm.Itlquad.I_lqtr.I4.I35.I10.I_enjoint.I_jcb,253,296
Ipsm.Itlquad.I_lqtr.I4.I35.I10.I_hilojoint.I_jcb,253,295
Ipsm.Itlquad.I_lqtr.I4.I35.I6.I_enjoint.I_jcb,253,314
Ipsm.Itlquad.I_lqtr.I4.I35.I6.I_hilojoint.I_jcb,253,313
Ipsm.Itlquad.I_lqtr.I4.I35.I7.I_enjoint.I_jcb,253,310
Ipsm.Itlquad.I_lqtr.I4.I35.I7.I_hilojoint.I_jcb,253,309
Ipsm.Itlquad.I_lqtr.I4.I35.I8.I_enjoint.I_jcb,253,305
Ipsm.Itlquad.I_lqtr.I4.I35.I8.I_hilojoint.I_jcb,253,304
Ipsm.Itlquad.I_lqtr.I4.I35.I9.I_enjoint.I_jcb,253,300
Ipsm.Itlquad.I_lqtr.I4.I35.I9.I_hilojoint.I_jcb,253,299
Ipsm.Itlquad.I_lqtr.I4.I36.I10.I_enjoint.I_jcb,253,338
Ipsm.Itlquad.I_lqtr.I4.I36.I10.I_hilojoint.I_jcb,253,337
Ipsm.Itlquad.I_lqtr.I4.I36.I6.I_enjoint.I_jcb,253,356
Ipsm.Itlquad.I_lqtr.I4.I36.I6.I_hilojoint.I_jcb,253,355
Ipsm.Itlquad.I_lqtr.I4.I36.I7.I_enjoint.I_jcb,253,352
Ipsm.Itlquad.I_lqtr.I4.I36.I7.I_hilojoint.I_jcb,253,351
Ipsm.Itlquad.I_lqtr.I4.I36.I8.I_enjoint.I_jcb,253,347
Ipsm.Itlquad.I_lqtr.I4.I36.I8.I_hilojoint.I_jcb,253,346
Ipsm.Itlquad.I_lqtr.I4.I36.I9.I_enjoint.I_jcb,253,342
Ipsm.Itlquad.I_lqtr.I4.I36.I9.I_hilojoint.I_jcb,253,341
Ipsm.Itlquad.I_lqtr.I4.I37.I10.I_enjoint.I_jcb,253,317
Ipsm.Itlquad.I_lqtr.I4.I37.I10.I_hilojoint.I_jcb,253,316
Ipsm.Itlquad.I_lqtr.I4.I37.I6.I_enjoint.I_jcb,253,335
Ipsm.Itlquad.I_lqtr.I4.I37.I6.I_hilojoint.I_jcb,253,334
Ipsm.Itlquad.I_lqtr.I4.I37.I7.I_enjoint.I_jcb,253,331
Ipsm.Itlquad.I_lqtr.I4.I37.I7.I_hilojoint.I_jcb,253,330
Ipsm.Itlquad.I_lqtr.I4.I37.I8.I_enjoint.I_jcb,253,326
Ipsm.Itlquad.I_lqtr.I4.I37.I8.I_hilojoint.I_jcb,253,325
Ipsm.Itlquad.I_lqtr.I4.I37.I9.I_enjoint.I_jcb,253,321
Ipsm.Itlquad.I_lqtr.I4.I37.I9.I_hilojoint.I_jcb,253,320
Ipsm.Itlquad.I_lqtr.I5.I34.I10.I_enjoint.I_jcb,253,191
Ipsm.Itlquad.I_lqtr.I5.I34.I10.I_hilojoint.I_jcb,253,190
Ipsm.Itlquad.I_lqtr.I5.I34.I6.I_enjoint.I_jcb,253,209
Ipsm.Itlquad.I_lqtr.I5.I34.I6.I_hilojoint.I_jcb,253,208
Ipsm.Itlquad.I_lqtr.I5.I34.I7.I_enjoint.I_jcb,253,205
Ipsm.Itlquad.I_lqtr.I5.I34.I7.I_hilojoint.I_jcb,253,204
Ipsm.Itlquad.I_lqtr.I5.I34.I8.I_enjoint.I_jcb,253,200
Ipsm.Itlquad.I_lqtr.I5.I34.I8.I_hilojoint.I_jcb,253,199
Ipsm.Itlquad.I_lqtr.I5.I34.I9.I_enjoint.I_jcb,253,195
Ipsm.Itlquad.I_lqtr.I5.I34.I9.I_hilojoint.I_jcb,253,194
Ipsm.Itlquad.I_lqtr.I5.I35.I10.I_enjoint.I_jcb,253,212
Ipsm.Itlquad.I_lqtr.I5.I35.I10.I_hilojoint.I_jcb,253,211
Ipsm.Itlquad.I_lqtr.I5.I35.I6.I_enjoint.I_jcb,253,230
Ipsm.Itlquad.I_lqtr.I5.I35.I6.I_hilojoint.I_jcb,253,229
Ipsm.Itlquad.I_lqtr.I5.I35.I7.I_enjoint.I_jcb,253,226
Ipsm.Itlquad.I_lqtr.I5.I35.I7.I_hilojoint.I_jcb,253,225
Ipsm.Itlquad.I_lqtr.I5.I35.I8.I_enjoint.I_jcb,253,221
Ipsm.Itlquad.I_lqtr.I5.I35.I8.I_hilojoint.I_jcb,253,220
Ipsm.Itlquad.I_lqtr.I5.I35.I9.I_enjoint.I_jcb,253,216
Ipsm.Itlquad.I_lqtr.I5.I35.I9.I_hilojoint.I_jcb,253,215
Ipsm.Itlquad.I_lqtr.I5.I36.I10.I_enjoint.I_jcb,253,254
Ipsm.Itlquad.I_lqtr.I5.I36.I10.I_hilojoint.I_jcb,253,253
Ipsm.Itlquad.I_lqtr.I5.I36.I6.I_enjoint.I_jcb,253,272
Ipsm.Itlquad.I_lqtr.I5.I36.I6.I_hilojoint.I_jcb,253,271
Ipsm.Itlquad.I_lqtr.I5.I36.I7.I_enjoint.I_jcb,253,268
Ipsm.Itlquad.I_lqtr.I5.I36.I7.I_hilojoint.I_jcb,253,267
Ipsm.Itlquad.I_lqtr.I5.I36.I8.I_enjoint.I_jcb,253,263
Ipsm.Itlquad.I_lqtr.I5.I36.I8.I_hilojoint.I_jcb,253,262
Ipsm.Itlquad.I_lqtr.I5.I36.I9.I_enjoint.I_jcb,253,258
Ipsm.Itlquad.I_lqtr.I5.I36.I9.I_hilojoint.I_jcb,253,257
Ipsm.Itlquad.I_lqtr.I5.I37.I10.I_enjoint.I_jcb,253,233
Ipsm.Itlquad.I_lqtr.I5.I37.I10.I_hilojoint.I_jcb,253,232
Ipsm.Itlquad.I_lqtr.I5.I37.I6.I_enjoint.I_jcb,253,251
Ipsm.Itlquad.I_lqtr.I5.I37.I6.I_hilojoint.I_jcb,253,250
Ipsm.Itlquad.I_lqtr.I5.I37.I7.I_enjoint.I_jcb,253,247
Ipsm.Itlquad.I_lqtr.I5.I37.I7.I_hilojoint.I_jcb,253,246
Ipsm.Itlquad.I_lqtr.I5.I37.I8.I_enjoint.I_jcb,253,242
Ipsm.Itlquad.I_lqtr.I5.I37.I8.I_hilojoint.I_jcb,253,241
Ipsm.Itlquad.I_lqtr.I5.I37.I9.I_enjoint.I_jcb,253,237
Ipsm.Itlquad.I_lqtr.I5.I37.I9.I_hilojoint.I_jcb,253,236
Ipsm.Itlquad.I_lqtr.I8.I10.I_enjoint.I_jcb,253,2
Ipsm.Itlquad.I_lqtr.I8.I10.I_hilojoint.I_jcb,253,1
Ipsm.Itlquad.I_lqtr.I8.I6.I_enjoint.I_jcb,253,20
Ipsm.Itlquad.I_lqtr.I8.I6.I_hilojoint.I_jcb,253,19
Ipsm.Itlquad.I_lqtr.I8.I7.I_enjoint.I_jcb,253,16
Ipsm.Itlquad.I_lqtr.I8.I7.I_hilojoint.I_jcb,253,15
Ipsm.Itlquad.I_lqtr.I8.I8.I_enjoint.I_jcb,253,11
Ipsm.Itlquad.I_lqtr.I8.I8.I_hilojoint.I_jcb,253,10
Ipsm.Itlquad.I_lqtr.I8.I9.I_enjoint.I_jcb,253,6
Ipsm.Itlquad.I_lqtr.I8.I9.I_hilojoint.I_jcb,253,5
Ipsm.Itlquad.I_lqtr.I9.I34.I10.I_enjoint.I_jcb,253,23
Ipsm.Itlquad.I_lqtr.I9.I34.I10.I_hilojoint.I_jcb,253,22
Ipsm.Itlquad.I_lqtr.I9.I34.I6.I_enjoint.I_jcb,253,41
Ipsm.Itlquad.I_lqtr.I9.I34.I6.I_hilojoint.I_jcb,253,40
Ipsm.Itlquad.I_lqtr.I9.I34.I7.I_enjoint.I_jcb,253,37
Ipsm.Itlquad.I_lqtr.I9.I34.I7.I_hilojoint.I_jcb,253,36
Ipsm.Itlquad.I_lqtr.I9.I34.I8.I_enjoint.I_jcb,253,32
Ipsm.Itlquad.I_lqtr.I9.I34.I8.I_hilojoint.I_jcb,253,31
Ipsm.Itlquad.I_lqtr.I9.I34.I9.I_enjoint.I_jcb,253,27
Ipsm.Itlquad.I_lqtr.I9.I34.I9.I_hilojoint.I_jcb,253,26
Ipsm.Itlquad.I_lqtr.I9.I35.I10.I_enjoint.I_jcb,253,44
Ipsm.Itlquad.I_lqtr.I9.I35.I10.I_hilojoint.I_jcb,253,43
Ipsm.Itlquad.I_lqtr.I9.I35.I6.I_enjoint.I_jcb,253,62
Ipsm.Itlquad.I_lqtr.I9.I35.I6.I_hilojoint.I_jcb,253,61
Ipsm.Itlquad.I_lqtr.I9.I35.I7.I_enjoint.I_jcb,253,58
Ipsm.Itlquad.I_lqtr.I9.I35.I7.I_hilojoint.I_jcb,253,57
Ipsm.Itlquad.I_lqtr.I9.I35.I8.I_enjoint.I_jcb,253,53
Ipsm.Itlquad.I_lqtr.I9.I35.I8.I_hilojoint.I_jcb,253,52
Ipsm.Itlquad.I_lqtr.I9.I35.I9.I_enjoint.I_jcb,253,48
Ipsm.Itlquad.I_lqtr.I9.I35.I9.I_hilojoint.I_jcb,253,47
Ipsm.Itlquad.I_lqtr.I9.I36.I10.I_enjoint.I_jcb,253,86
Ipsm.Itlquad.I_lqtr.I9.I36.I10.I_hilojoint.I_jcb,253,85
Ipsm.Itlquad.I_lqtr.I9.I36.I6.I_enjoint.I_jcb,253,104
Ipsm.Itlquad.I_lqtr.I9.I36.I6.I_hilojoint.I_jcb,253,103
Ipsm.Itlquad.I_lqtr.I9.I36.I7.I_enjoint.I_jcb,253,100
Ipsm.Itlquad.I_lqtr.I9.I36.I7.I_hilojoint.I_jcb,253,99
Ipsm.Itlquad.I_lqtr.I9.I36.I8.I_enjoint.I_jcb,253,95
Ipsm.Itlquad.I_lqtr.I9.I36.I8.I_hilojoint.I_jcb,253,94
Ipsm.Itlquad.I_lqtr.I9.I36.I9.I_enjoint.I_jcb,253,90
Ipsm.Itlquad.I_lqtr.I9.I36.I9.I_hilojoint.I_jcb,253,89
Ipsm.Itlquad.I_lqtr.I9.I37.I10.I_enjoint.I_jcb,253,65
Ipsm.Itlquad.I_lqtr.I9.I37.I10.I_hilojoint.I_jcb,253,64
Ipsm.Itlquad.I_lqtr.I9.I37.I6.I_enjoint.I_jcb,253,83
Ipsm.Itlquad.I_lqtr.I9.I37.I6.I_hilojoint.I_jcb,253,82
Ipsm.Itlquad.I_lqtr.I9.I37.I7.I_enjoint.I_jcb,253,79
Ipsm.Itlquad.I_lqtr.I9.I37.I7.I_hilojoint.I_jcb,253,78
Ipsm.Itlquad.I_lqtr.I9.I37.I8.I_enjoint.I_jcb,253,74
Ipsm.Itlquad.I_lqtr.I9.I37.I8.I_hilojoint.I_jcb,253,73
Ipsm.Itlquad.I_lqtr.I9.I37.I9.I_enjoint.I_jcb,253,69
Ipsm.Itlquad.I_lqtr.I9.I37.I9.I_hilojoint.I_jcb,253,68
Ipsm.Itrquad.I_rqtr.I0.I34.I10.I_enjoint.I_jcb,253,527
Ipsm.Itrquad.I_rqtr.I0.I34.I10.I_hilojoint.I_jcb,253,526
Ipsm.Itrquad.I_rqtr.I0.I34.I6.I_enjoint.I_jcb,253,545
Ipsm.Itrquad.I_rqtr.I0.I34.I6.I_hilojoint.I_jcb,253,544
Ipsm.Itrquad.I_rqtr.I0.I34.I7.I_enjoint.I_jcb,253,541
Ipsm.Itrquad.I_rqtr.I0.I34.I7.I_hilojoint.I_jcb,253,540
Ipsm.Itrquad.I_rqtr.I0.I34.I8.I_enjoint.I_jcb,253,536
Ipsm.Itrquad.I_rqtr.I0.I34.I8.I_hilojoint.I_jcb,253,535
Ipsm.Itrquad.I_rqtr.I0.I34.I9.I_enjoint.I_jcb,253,531
Ipsm.Itrquad.I_rqtr.I0.I34.I9.I_hilojoint.I_jcb,253,530
Ipsm.Itrquad.I_rqtr.I0.I35.I10.I_enjoint.I_jcb,253,548
Ipsm.Itrquad.I_rqtr.I0.I35.I10.I_hilojoint.I_jcb,253,547
Ipsm.Itrquad.I_rqtr.I0.I35.I6.I_enjoint.I_jcb,253,566
Ipsm.Itrquad.I_rqtr.I0.I35.I6.I_hilojoint.I_jcb,253,565
Ipsm.Itrquad.I_rqtr.I0.I35.I7.I_enjoint.I_jcb,253,562
Ipsm.Itrquad.I_rqtr.I0.I35.I7.I_hilojoint.I_jcb,253,561
Ipsm.Itrquad.I_rqtr.I0.I35.I8.I_enjoint.I_jcb,253,557
Ipsm.Itrquad.I_rqtr.I0.I35.I8.I_hilojoint.I_jcb,253,556
Ipsm.Itrquad.I_rqtr.I0.I35.I9.I_enjoint.I_jcb,253,552
Ipsm.Itrquad.I_rqtr.I0.I35.I9.I_hilojoint.I_jcb,253,551
Ipsm.Itrquad.I_rqtr.I0.I36.I10.I_enjoint.I_jcb,253,590
Ipsm.Itrquad.I_rqtr.I0.I36.I10.I_hilojoint.I_jcb,253,589
Ipsm.Itrquad.I_rqtr.I0.I36.I6.I_enjoint.I_jcb,253,608
Ipsm.Itrquad.I_rqtr.I0.I36.I6.I_hilojoint.I_jcb,253,607
Ipsm.Itrquad.I_rqtr.I0.I36.I7.I_enjoint.I_jcb,253,604
Ipsm.Itrquad.I_rqtr.I0.I36.I7.I_hilojoint.I_jcb,253,603
Ipsm.Itrquad.I_rqtr.I0.I36.I8.I_enjoint.I_jcb,253,599
Ipsm.Itrquad.I_rqtr.I0.I36.I8.I_hilojoint.I_jcb,253,598
Ipsm.Itrquad.I_rqtr.I0.I36.I9.I_enjoint.I_jcb,253,594
Ipsm.Itrquad.I_rqtr.I0.I36.I9.I_hilojoint.I_jcb,253,593
Ipsm.Itrquad.I_rqtr.I0.I37.I10.I_enjoint.I_jcb,253,569
Ipsm.Itrquad.I_rqtr.I0.I37.I10.I_hilojoint.I_jcb,253,568
Ipsm.Itrquad.I_rqtr.I0.I37.I6.I_enjoint.I_jcb,253,587
Ipsm.Itrquad.I_rqtr.I0.I37.I6.I_hilojoint.I_jcb,253,586
Ipsm.Itrquad.I_rqtr.I0.I37.I7.I_enjoint.I_jcb,253,583
Ipsm.Itrquad.I_rqtr.I0.I37.I7.I_hilojoint.I_jcb,253,582
Ipsm.Itrquad.I_rqtr.I0.I37.I8.I_enjoint.I_jcb,253,578
Ipsm.Itrquad.I_rqtr.I0.I37.I8.I_hilojoint.I_jcb,253,577
Ipsm.Itrquad.I_rqtr.I0.I37.I9.I_enjoint.I_jcb,253,573
Ipsm.Itrquad.I_rqtr.I0.I37.I9.I_hilojoint.I_jcb,253,572
Ipsm.Itrquad.I_rqtr.I3.I34.I10.I_enjoint.I_jcb,253,443
Ipsm.Itrquad.I_rqtr.I3.I34.I10.I_hilojoint.I_jcb,253,442
Ipsm.Itrquad.I_rqtr.I3.I34.I6.I_enjoint.I_jcb,253,461
Ipsm.Itrquad.I_rqtr.I3.I34.I6.I_hilojoint.I_jcb,253,460
Ipsm.Itrquad.I_rqtr.I3.I34.I7.I_enjoint.I_jcb,253,457
Ipsm.Itrquad.I_rqtr.I3.I34.I7.I_hilojoint.I_jcb,253,456
Ipsm.Itrquad.I_rqtr.I3.I34.I8.I_enjoint.I_jcb,253,452
Ipsm.Itrquad.I_rqtr.I3.I34.I8.I_hilojoint.I_jcb,253,451
Ipsm.Itrquad.I_rqtr.I3.I34.I9.I_enjoint.I_jcb,253,447
Ipsm.Itrquad.I_rqtr.I3.I34.I9.I_hilojoint.I_jcb,253,446
Ipsm.Itrquad.I_rqtr.I3.I35.I10.I_enjoint.I_jcb,253,464
Ipsm.Itrquad.I_rqtr.I3.I35.I10.I_hilojoint.I_jcb,253,463
Ipsm.Itrquad.I_rqtr.I3.I35.I6.I_enjoint.I_jcb,253,482
Ipsm.Itrquad.I_rqtr.I3.I35.I6.I_hilojoint.I_jcb,253,481
Ipsm.Itrquad.I_rqtr.I3.I35.I7.I_enjoint.I_jcb,253,478
Ipsm.Itrquad.I_rqtr.I3.I35.I7.I_hilojoint.I_jcb,253,477
Ipsm.Itrquad.I_rqtr.I3.I35.I8.I_enjoint.I_jcb,253,473
Ipsm.Itrquad.I_rqtr.I3.I35.I8.I_hilojoint.I_jcb,253,472
Ipsm.Itrquad.I_rqtr.I3.I35.I9.I_enjoint.I_jcb,253,468
Ipsm.Itrquad.I_rqtr.I3.I35.I9.I_hilojoint.I_jcb,253,467
Ipsm.Itrquad.I_rqtr.I3.I36.I10.I_enjoint.I_jcb,253,506
Ipsm.Itrquad.I_rqtr.I3.I36.I10.I_hilojoint.I_jcb,253,505
Ipsm.Itrquad.I_rqtr.I3.I36.I6.I_enjoint.I_jcb,253,524
Ipsm.Itrquad.I_rqtr.I3.I36.I6.I_hilojoint.I_jcb,253,523
Ipsm.Itrquad.I_rqtr.I3.I36.I7.I_enjoint.I_jcb,253,520
Ipsm.Itrquad.I_rqtr.I3.I36.I7.I_hilojoint.I_jcb,253,519
Ipsm.Itrquad.I_rqtr.I3.I36.I8.I_enjoint.I_jcb,253,515
Ipsm.Itrquad.I_rqtr.I3.I36.I8.I_hilojoint.I_jcb,253,514
Ipsm.Itrquad.I_rqtr.I3.I36.I9.I_enjoint.I_jcb,253,510
Ipsm.Itrquad.I_rqtr.I3.I36.I9.I_hilojoint.I_jcb,253,509
Ipsm.Itrquad.I_rqtr.I3.I37.I10.I_enjoint.I_jcb,253,485
Ipsm.Itrquad.I_rqtr.I3.I37.I10.I_hilojoint.I_jcb,253,484
Ipsm.Itrquad.I_rqtr.I3.I37.I6.I_enjoint.I_jcb,253,503
Ipsm.Itrquad.I_rqtr.I3.I37.I6.I_hilojoint.I_jcb,253,502
Ipsm.Itrquad.I_rqtr.I3.I37.I7.I_enjoint.I_jcb,253,499
Ipsm.Itrquad.I_rqtr.I3.I37.I7.I_hilojoint.I_jcb,253,498
Ipsm.Itrquad.I_rqtr.I3.I37.I8.I_enjoint.I_jcb,253,494
Ipsm.Itrquad.I_rqtr.I3.I37.I8.I_hilojoint.I_jcb,253,493
Ipsm.Itrquad.I_rqtr.I3.I37.I9.I_enjoint.I_jcb,253,489
Ipsm.Itrquad.I_rqtr.I3.I37.I9.I_hilojoint.I_jcb,253,488
Ipsm.Itrquad.I_rqtr.I5.I34.I10.I_enjoint.I_jcb,253,611
Ipsm.Itrquad.I_rqtr.I5.I34.I10.I_hilojoint.I_jcb,253,610
Ipsm.Itrquad.I_rqtr.I5.I34.I6.I_enjoint.I_jcb,253,629
Ipsm.Itrquad.I_rqtr.I5.I34.I6.I_hilojoint.I_jcb,253,628
Ipsm.Itrquad.I_rqtr.I5.I34.I7.I_enjoint.I_jcb,253,625
Ipsm.Itrquad.I_rqtr.I5.I34.I7.I_hilojoint.I_jcb,253,624
Ipsm.Itrquad.I_rqtr.I5.I34.I8.I_enjoint.I_jcb,253,620
Ipsm.Itrquad.I_rqtr.I5.I34.I8.I_hilojoint.I_jcb,253,619
Ipsm.Itrquad.I_rqtr.I5.I34.I9.I_enjoint.I_jcb,253,615
Ipsm.Itrquad.I_rqtr.I5.I34.I9.I_hilojoint.I_jcb,253,614
Ipsm.Itrquad.I_rqtr.I5.I35.I10.I_enjoint.I_jcb,253,632
Ipsm.Itrquad.I_rqtr.I5.I35.I10.I_hilojoint.I_jcb,253,631
Ipsm.Itrquad.I_rqtr.I5.I35.I6.I_enjoint.I_jcb,253,650
Ipsm.Itrquad.I_rqtr.I5.I35.I6.I_hilojoint.I_jcb,253,649
Ipsm.Itrquad.I_rqtr.I5.I35.I7.I_enjoint.I_jcb,253,646
Ipsm.Itrquad.I_rqtr.I5.I35.I7.I_hilojoint.I_jcb,253,645
Ipsm.Itrquad.I_rqtr.I5.I35.I8.I_enjoint.I_jcb,253,641
Ipsm.Itrquad.I_rqtr.I5.I35.I8.I_hilojoint.I_jcb,253,640
Ipsm.Itrquad.I_rqtr.I5.I35.I9.I_enjoint.I_jcb,253,636
Ipsm.Itrquad.I_rqtr.I5.I35.I9.I_hilojoint.I_jcb,253,635
Ipsm.Itrquad.I_rqtr.I5.I36.I10.I_enjoint.I_jcb,253,674
Ipsm.Itrquad.I_rqtr.I5.I36.I10.I_hilojoint.I_jcb,253,673
Ipsm.Itrquad.I_rqtr.I5.I36.I6.I_enjoint.I_jcb,253,692
Ipsm.Itrquad.I_rqtr.I5.I36.I6.I_hilojoint.I_jcb,253,691
Ipsm.Itrquad.I_rqtr.I5.I36.I7.I_enjoint.I_jcb,253,688
Ipsm.Itrquad.I_rqtr.I5.I36.I7.I_hilojoint.I_jcb,253,687
Ipsm.Itrquad.I_rqtr.I5.I36.I8.I_enjoint.I_jcb,253,683
Ipsm.Itrquad.I_rqtr.I5.I36.I8.I_hilojoint.I_jcb,253,682
Ipsm.Itrquad.I_rqtr.I5.I36.I9.I_enjoint.I_jcb,253,678
Ipsm.Itrquad.I_rqtr.I5.I36.I9.I_hilojoint.I_jcb,253,677
Ipsm.Itrquad.I_rqtr.I5.I37.I10.I_enjoint.I_jcb,253,653
Ipsm.Itrquad.I_rqtr.I5.I37.I10.I_hilojoint.I_jcb,253,652
Ipsm.Itrquad.I_rqtr.I5.I37.I6.I_enjoint.I_jcb,253,671
Ipsm.Itrquad.I_rqtr.I5.I37.I6.I_hilojoint.I_jcb,253,670
Ipsm.Itrquad.I_rqtr.I5.I37.I7.I_enjoint.I_jcb,253,667
Ipsm.Itrquad.I_rqtr.I5.I37.I7.I_hilojoint.I_jcb,253,666
Ipsm.Itrquad.I_rqtr.I5.I37.I8.I_enjoint.I_jcb,253,662
Ipsm.Itrquad.I_rqtr.I5.I37.I8.I_hilojoint.I_jcb,253,661
Ipsm.Itrquad.I_rqtr.I5.I37.I9.I_enjoint.I_jcb,253,657
Ipsm.Itrquad.I_rqtr.I5.I37.I9.I_hilojoint.I_jcb,253,656
Ipsm.Itrquad.I_rqtr.I7.I10.I_enjoint.I_jcb,253,695
Ipsm.Itrquad.I_rqtr.I7.I10.I_hilojoint.I_jcb,253,694
Ipsm.Itrquad.I_rqtr.I7.I6.I_enjoint.I_jcb,253,713
Ipsm.Itrquad.I_rqtr.I7.I6.I_hilojoint.I_jcb,253,712
Ipsm.Itrquad.I_rqtr.I7.I7.I_enjoint.I_jcb,253,709
Ipsm.Itrquad.I_rqtr.I7.I7.I_hilojoint.I_jcb,253,708
Ipsm.Itrquad.I_rqtr.I7.I8.I_enjoint.I_jcb,253,704
Ipsm.Itrquad.I_rqtr.I7.I8.I_hilojoint.I_jcb,253,703
Ipsm.Itrquad.I_rqtr.I7.I9.I_enjoint.I_jcb,253,699
Ipsm.Itrquad.I_rqtr.I7.I9.I_hilojoint.I_jcb,253,698
Ipsm.Itrquad.I_rqtr.I8.I34.I10.I_enjoint.I_jcb,253,359
Ipsm.Itrquad.I_rqtr.I8.I34.I10.I_hilojoint.I_jcb,253,358
Ipsm.Itrquad.I_rqtr.I8.I34.I6.I_enjoint.I_jcb,253,377
Ipsm.Itrquad.I_rqtr.I8.I34.I6.I_hilojoint.I_jcb,253,376
Ipsm.Itrquad.I_rqtr.I8.I34.I7.I_enjoint.I_jcb,253,373
Ipsm.Itrquad.I_rqtr.I8.I34.I7.I_hilojoint.I_jcb,253,372
Ipsm.Itrquad.I_rqtr.I8.I34.I8.I_enjoint.I_jcb,253,368
Ipsm.Itrquad.I_rqtr.I8.I34.I8.I_hilojoint.I_jcb,253,367
Ipsm.Itrquad.I_rqtr.I8.I34.I9.I_enjoint.I_jcb,253,363
Ipsm.Itrquad.I_rqtr.I8.I34.I9.I_hilojoint.I_jcb,253,362
Ipsm.Itrquad.I_rqtr.I8.I35.I10.I_enjoint.I_jcb,253,380
Ipsm.Itrquad.I_rqtr.I8.I35.I10.I_hilojoint.I_jcb,253,379
Ipsm.Itrquad.I_rqtr.I8.I35.I6.I_enjoint.I_jcb,253,398
Ipsm.Itrquad.I_rqtr.I8.I35.I6.I_hilojoint.I_jcb,253,397
Ipsm.Itrquad.I_rqtr.I8.I35.I7.I_enjoint.I_jcb,253,394
Ipsm.Itrquad.I_rqtr.I8.I35.I7.I_hilojoint.I_jcb,253,393
Ipsm.Itrquad.I_rqtr.I8.I35.I8.I_enjoint.I_jcb,253,389
Ipsm.Itrquad.I_rqtr.I8.I35.I8.I_hilojoint.I_jcb,253,388
Ipsm.Itrquad.I_rqtr.I8.I35.I9.I_enjoint.I_jcb,253,384
Ipsm.Itrquad.I_rqtr.I8.I35.I9.I_hilojoint.I_jcb,253,383
Ipsm.Itrquad.I_rqtr.I8.I36.I10.I_enjoint.I_jcb,253,422
Ipsm.Itrquad.I_rqtr.I8.I36.I10.I_hilojoint.I_jcb,253,421
Ipsm.Itrquad.I_rqtr.I8.I36.I6.I_enjoint.I_jcb,253,440
Ipsm.Itrquad.I_rqtr.I8.I36.I6.I_hilojoint.I_jcb,253,439
Ipsm.Itrquad.I_rqtr.I8.I36.I7.I_enjoint.I_jcb,253,436
Ipsm.Itrquad.I_rqtr.I8.I36.I7.I_hilojoint.I_jcb,253,435
Ipsm.Itrquad.I_rqtr.I8.I36.I8.I_enjoint.I_jcb,253,431
Ipsm.Itrquad.I_rqtr.I8.I36.I8.I_hilojoint.I_jcb,253,430
Ipsm.Itrquad.I_rqtr.I8.I36.I9.I_enjoint.I_jcb,253,426
Ipsm.Itrquad.I_rqtr.I8.I36.I9.I_hilojoint.I_jcb,253,425
Ipsm.Itrquad.I_rqtr.I8.I37.I10.I_enjoint.I_jcb,253,401
Ipsm.Itrquad.I_rqtr.I8.I37.I10.I_hilojoint.I_jcb,253,400
Ipsm.Itrquad.I_rqtr.I8.I37.I6.I_enjoint.I_jcb,253,419
Ipsm.Itrquad.I_rqtr.I8.I37.I6.I_hilojoint.I_jcb,253,418
Ipsm.Itrquad.I_rqtr.I8.I37.I7.I_enjoint.I_jcb,253,415
Ipsm.Itrquad.I_rqtr.I8.I37.I7.I_hilojoint.I_jcb,253,414
Ipsm.Itrquad.I_rqtr.I8.I37.I8.I_enjoint.I_jcb,253,410
Ipsm.Itrquad.I_rqtr.I8.I37.I8.I_hilojoint.I_jcb,253,409
Ipsm.Itrquad.I_rqtr.I8.I37.I9.I_enjoint.I_jcb,253,405
Ipsm.Itrquad.I_rqtr.I8.I37.I9.I_hilojoint.I_jcb,253,404
