Ipsm.Iblquad.I_tst_bl.I0<0>.I_jcb,815,8
Ipsm.Iblquad.I_tst_bl.I0<1>.I_jcb,815,9
Ipsm.Iblquad.I_tst_bl.I0<2>.I_jcb,815,10
Ipsm.Iblquad.I_tst_bl.I0<3>.I_jcb,815,11
Ipsm.Iblquad.I_tst_bl.I3<0>.I_jcb,815,12
Ipsm.Iblquad.I_tst_bl.I3<1>.I_jcb,815,13
Ipsm.Iblquad.I_tst_bl.I3<2>.I_jcb,815,14
Ipsm.Iblquad.I_tst_bl.I3<3>.I_jcb,815,15
Ipsm.Iblquad.I_tst_bl.I4<0>.I_jcb,815,17
Ipsm.Iblquad.I_tst_bl.I4<1>.I_jcb,815,18
Ipsm.Iblquad.I_tst_bl.I4<2>.I_jcb,815,19
Ipsm.Iblquad.I_tst_bl.I4<3>.I_jcb,815,20
Ipsm.Iblquad.I_tst_bot<0>.I0<0>.I_jcb,843,29
Ipsm.Iblquad.I_tst_bot<0>.I0<1>.I_jcb,843,30
Ipsm.Iblquad.I_tst_bot<0>.I0<2>.I_jcb,843,31
Ipsm.Iblquad.I_tst_bot<0>.I0<3>.I_jcb,843,32
Ipsm.Iblquad.I_tst_bot<0>.I3<0>.I_jcb,843,33
Ipsm.Iblquad.I_tst_bot<0>.I3<1>.I_jcb,843,34
Ipsm.Iblquad.I_tst_bot<0>.I3<2>.I_jcb,843,35
Ipsm.Iblquad.I_tst_bot<0>.I3<3>.I_jcb,843,36
Ipsm.Iblquad.I_tst_bot<0>.I4<0>.I_jcb,843,38
Ipsm.Iblquad.I_tst_bot<0>.I4<1>.I_jcb,843,39
Ipsm.Iblquad.I_tst_bot<0>.I4<2>.I_jcb,843,40
Ipsm.Iblquad.I_tst_bot<0>.I4<3>.I_jcb,843,41
Ipsm.Iblquad.I_tst_bot<10>.I0<0>.I_jcb,843,239
Ipsm.Iblquad.I_tst_bot<10>.I0<1>.I_jcb,843,240
Ipsm.Iblquad.I_tst_bot<10>.I0<2>.I_jcb,843,241
Ipsm.Iblquad.I_tst_bot<10>.I0<3>.I_jcb,843,242
Ipsm.Iblquad.I_tst_bot<10>.I3<0>.I_jcb,843,243
Ipsm.Iblquad.I_tst_bot<10>.I3<1>.I_jcb,843,244
Ipsm.Iblquad.I_tst_bot<10>.I3<2>.I_jcb,843,245
Ipsm.Iblquad.I_tst_bot<10>.I3<3>.I_jcb,843,246
Ipsm.Iblquad.I_tst_bot<10>.I4<0>.I_jcb,843,248
Ipsm.Iblquad.I_tst_bot<10>.I4<1>.I_jcb,843,249
Ipsm.Iblquad.I_tst_bot<10>.I4<2>.I_jcb,843,250
Ipsm.Iblquad.I_tst_bot<10>.I4<3>.I_jcb,843,251
Ipsm.Iblquad.I_tst_bot<11>.I0<0>.I_jcb,843,260
Ipsm.Iblquad.I_tst_bot<11>.I0<1>.I_jcb,843,261
Ipsm.Iblquad.I_tst_bot<11>.I0<2>.I_jcb,843,262
Ipsm.Iblquad.I_tst_bot<11>.I0<3>.I_jcb,843,263
Ipsm.Iblquad.I_tst_bot<11>.I3<0>.I_jcb,843,264
Ipsm.Iblquad.I_tst_bot<11>.I3<1>.I_jcb,843,265
Ipsm.Iblquad.I_tst_bot<11>.I3<2>.I_jcb,843,266
Ipsm.Iblquad.I_tst_bot<11>.I3<3>.I_jcb,843,267
Ipsm.Iblquad.I_tst_bot<11>.I4<0>.I_jcb,843,269
Ipsm.Iblquad.I_tst_bot<11>.I4<1>.I_jcb,843,270
Ipsm.Iblquad.I_tst_bot<11>.I4<2>.I_jcb,843,271
Ipsm.Iblquad.I_tst_bot<11>.I4<3>.I_jcb,843,272
Ipsm.Iblquad.I_tst_bot<12>.I0<0>.I_jcb,843,281
Ipsm.Iblquad.I_tst_bot<12>.I0<1>.I_jcb,843,282
Ipsm.Iblquad.I_tst_bot<12>.I0<2>.I_jcb,843,283
Ipsm.Iblquad.I_tst_bot<12>.I0<3>.I_jcb,843,284
Ipsm.Iblquad.I_tst_bot<12>.I3<0>.I_jcb,843,285
Ipsm.Iblquad.I_tst_bot<12>.I3<1>.I_jcb,843,286
Ipsm.Iblquad.I_tst_bot<12>.I3<2>.I_jcb,843,287
Ipsm.Iblquad.I_tst_bot<12>.I3<3>.I_jcb,843,288
Ipsm.Iblquad.I_tst_bot<12>.I4<0>.I_jcb,843,290
Ipsm.Iblquad.I_tst_bot<12>.I4<1>.I_jcb,843,291
Ipsm.Iblquad.I_tst_bot<12>.I4<2>.I_jcb,843,292
Ipsm.Iblquad.I_tst_bot<12>.I4<3>.I_jcb,843,293
Ipsm.Iblquad.I_tst_bot<13>.I0<0>.I_jcb,843,302
Ipsm.Iblquad.I_tst_bot<13>.I0<1>.I_jcb,843,303
Ipsm.Iblquad.I_tst_bot<13>.I0<2>.I_jcb,843,304
Ipsm.Iblquad.I_tst_bot<13>.I0<3>.I_jcb,843,305
Ipsm.Iblquad.I_tst_bot<13>.I3<0>.I_jcb,843,306
Ipsm.Iblquad.I_tst_bot<13>.I3<1>.I_jcb,843,307
Ipsm.Iblquad.I_tst_bot<13>.I3<2>.I_jcb,843,308
Ipsm.Iblquad.I_tst_bot<13>.I3<3>.I_jcb,843,309
Ipsm.Iblquad.I_tst_bot<13>.I4<0>.I_jcb,843,311
Ipsm.Iblquad.I_tst_bot<13>.I4<1>.I_jcb,843,312
Ipsm.Iblquad.I_tst_bot<13>.I4<2>.I_jcb,843,313
Ipsm.Iblquad.I_tst_bot<13>.I4<3>.I_jcb,843,314
Ipsm.Iblquad.I_tst_bot<14>.I0<0>.I_jcb,843,323
Ipsm.Iblquad.I_tst_bot<14>.I0<1>.I_jcb,843,324
Ipsm.Iblquad.I_tst_bot<14>.I0<2>.I_jcb,843,325
Ipsm.Iblquad.I_tst_bot<14>.I0<3>.I_jcb,843,326
Ipsm.Iblquad.I_tst_bot<14>.I3<0>.I_jcb,843,327
Ipsm.Iblquad.I_tst_bot<14>.I3<1>.I_jcb,843,328
Ipsm.Iblquad.I_tst_bot<14>.I3<2>.I_jcb,843,329
Ipsm.Iblquad.I_tst_bot<14>.I3<3>.I_jcb,843,330
Ipsm.Iblquad.I_tst_bot<14>.I4<0>.I_jcb,843,332
Ipsm.Iblquad.I_tst_bot<14>.I4<1>.I_jcb,843,333
Ipsm.Iblquad.I_tst_bot<14>.I4<2>.I_jcb,843,334
Ipsm.Iblquad.I_tst_bot<14>.I4<3>.I_jcb,843,335
Ipsm.Iblquad.I_tst_bot<15>.I0<0>.I_jcb,843,344
Ipsm.Iblquad.I_tst_bot<15>.I0<1>.I_jcb,843,345
Ipsm.Iblquad.I_tst_bot<15>.I0<2>.I_jcb,843,346
Ipsm.Iblquad.I_tst_bot<15>.I0<3>.I_jcb,843,347
Ipsm.Iblquad.I_tst_bot<15>.I3<0>.I_jcb,843,348
Ipsm.Iblquad.I_tst_bot<15>.I3<1>.I_jcb,843,349
Ipsm.Iblquad.I_tst_bot<15>.I3<2>.I_jcb,843,350
Ipsm.Iblquad.I_tst_bot<15>.I3<3>.I_jcb,843,351
Ipsm.Iblquad.I_tst_bot<15>.I4<0>.I_jcb,843,353
Ipsm.Iblquad.I_tst_bot<15>.I4<1>.I_jcb,843,354
Ipsm.Iblquad.I_tst_bot<15>.I4<2>.I_jcb,843,355
Ipsm.Iblquad.I_tst_bot<15>.I4<3>.I_jcb,843,356
Ipsm.Iblquad.I_tst_bot<1>.I0<0>.I_jcb,843,50
Ipsm.Iblquad.I_tst_bot<1>.I0<1>.I_jcb,843,51
Ipsm.Iblquad.I_tst_bot<1>.I0<2>.I_jcb,843,52
Ipsm.Iblquad.I_tst_bot<1>.I0<3>.I_jcb,843,53
Ipsm.Iblquad.I_tst_bot<1>.I3<0>.I_jcb,843,54
Ipsm.Iblquad.I_tst_bot<1>.I3<1>.I_jcb,843,55
Ipsm.Iblquad.I_tst_bot<1>.I3<2>.I_jcb,843,56
Ipsm.Iblquad.I_tst_bot<1>.I3<3>.I_jcb,843,57
Ipsm.Iblquad.I_tst_bot<1>.I4<0>.I_jcb,843,59
Ipsm.Iblquad.I_tst_bot<1>.I4<1>.I_jcb,843,60
Ipsm.Iblquad.I_tst_bot<1>.I4<2>.I_jcb,843,61
Ipsm.Iblquad.I_tst_bot<1>.I4<3>.I_jcb,843,62
Ipsm.Iblquad.I_tst_bot<2>.I0<0>.I_jcb,843,71
Ipsm.Iblquad.I_tst_bot<2>.I0<1>.I_jcb,843,72
Ipsm.Iblquad.I_tst_bot<2>.I0<2>.I_jcb,843,73
Ipsm.Iblquad.I_tst_bot<2>.I0<3>.I_jcb,843,74
Ipsm.Iblquad.I_tst_bot<2>.I3<0>.I_jcb,843,75
Ipsm.Iblquad.I_tst_bot<2>.I3<1>.I_jcb,843,76
Ipsm.Iblquad.I_tst_bot<2>.I3<2>.I_jcb,843,77
Ipsm.Iblquad.I_tst_bot<2>.I3<3>.I_jcb,843,78
Ipsm.Iblquad.I_tst_bot<2>.I4<0>.I_jcb,843,80
Ipsm.Iblquad.I_tst_bot<2>.I4<1>.I_jcb,843,81
Ipsm.Iblquad.I_tst_bot<2>.I4<2>.I_jcb,843,82
Ipsm.Iblquad.I_tst_bot<2>.I4<3>.I_jcb,843,83
Ipsm.Iblquad.I_tst_bot<3>.I0<0>.I_jcb,843,92
Ipsm.Iblquad.I_tst_bot<3>.I0<1>.I_jcb,843,93
Ipsm.Iblquad.I_tst_bot<3>.I0<2>.I_jcb,843,94
Ipsm.Iblquad.I_tst_bot<3>.I0<3>.I_jcb,843,95
Ipsm.Iblquad.I_tst_bot<3>.I3<0>.I_jcb,843,96
Ipsm.Iblquad.I_tst_bot<3>.I3<1>.I_jcb,843,97
Ipsm.Iblquad.I_tst_bot<3>.I3<2>.I_jcb,843,98
Ipsm.Iblquad.I_tst_bot<3>.I3<3>.I_jcb,843,99
Ipsm.Iblquad.I_tst_bot<3>.I4<0>.I_jcb,843,101
Ipsm.Iblquad.I_tst_bot<3>.I4<1>.I_jcb,843,102
Ipsm.Iblquad.I_tst_bot<3>.I4<2>.I_jcb,843,103
Ipsm.Iblquad.I_tst_bot<3>.I4<3>.I_jcb,843,104
Ipsm.Iblquad.I_tst_bot<4>.I0<0>.I_jcb,843,113
Ipsm.Iblquad.I_tst_bot<4>.I0<1>.I_jcb,843,114
Ipsm.Iblquad.I_tst_bot<4>.I0<2>.I_jcb,843,115
Ipsm.Iblquad.I_tst_bot<4>.I0<3>.I_jcb,843,116
Ipsm.Iblquad.I_tst_bot<4>.I3<0>.I_jcb,843,117
Ipsm.Iblquad.I_tst_bot<4>.I3<1>.I_jcb,843,118
Ipsm.Iblquad.I_tst_bot<4>.I3<2>.I_jcb,843,119
Ipsm.Iblquad.I_tst_bot<4>.I3<3>.I_jcb,843,120
Ipsm.Iblquad.I_tst_bot<4>.I4<0>.I_jcb,843,122
Ipsm.Iblquad.I_tst_bot<4>.I4<1>.I_jcb,843,123
Ipsm.Iblquad.I_tst_bot<4>.I4<2>.I_jcb,843,124
Ipsm.Iblquad.I_tst_bot<4>.I4<3>.I_jcb,843,125
Ipsm.Iblquad.I_tst_bot<5>.I0<0>.I_jcb,843,134
Ipsm.Iblquad.I_tst_bot<5>.I0<1>.I_jcb,843,135
Ipsm.Iblquad.I_tst_bot<5>.I0<2>.I_jcb,843,136
Ipsm.Iblquad.I_tst_bot<5>.I0<3>.I_jcb,843,137
Ipsm.Iblquad.I_tst_bot<5>.I3<0>.I_jcb,843,138
Ipsm.Iblquad.I_tst_bot<5>.I3<1>.I_jcb,843,139
Ipsm.Iblquad.I_tst_bot<5>.I3<2>.I_jcb,843,140
Ipsm.Iblquad.I_tst_bot<5>.I3<3>.I_jcb,843,141
Ipsm.Iblquad.I_tst_bot<5>.I4<0>.I_jcb,843,143
Ipsm.Iblquad.I_tst_bot<5>.I4<1>.I_jcb,843,144
Ipsm.Iblquad.I_tst_bot<5>.I4<2>.I_jcb,843,145
Ipsm.Iblquad.I_tst_bot<5>.I4<3>.I_jcb,843,146
Ipsm.Iblquad.I_tst_bot<6>.I0<0>.I_jcb,843,155
Ipsm.Iblquad.I_tst_bot<6>.I0<1>.I_jcb,843,156
Ipsm.Iblquad.I_tst_bot<6>.I0<2>.I_jcb,843,157
Ipsm.Iblquad.I_tst_bot<6>.I0<3>.I_jcb,843,158
Ipsm.Iblquad.I_tst_bot<6>.I3<0>.I_jcb,843,159
Ipsm.Iblquad.I_tst_bot<6>.I3<1>.I_jcb,843,160
Ipsm.Iblquad.I_tst_bot<6>.I3<2>.I_jcb,843,161
Ipsm.Iblquad.I_tst_bot<6>.I3<3>.I_jcb,843,162
Ipsm.Iblquad.I_tst_bot<6>.I4<0>.I_jcb,843,164
Ipsm.Iblquad.I_tst_bot<6>.I4<1>.I_jcb,843,165
Ipsm.Iblquad.I_tst_bot<6>.I4<2>.I_jcb,843,166
Ipsm.Iblquad.I_tst_bot<6>.I4<3>.I_jcb,843,167
Ipsm.Iblquad.I_tst_bot<7>.I0<0>.I_jcb,843,176
Ipsm.Iblquad.I_tst_bot<7>.I0<1>.I_jcb,843,177
Ipsm.Iblquad.I_tst_bot<7>.I0<2>.I_jcb,843,178
Ipsm.Iblquad.I_tst_bot<7>.I0<3>.I_jcb,843,179
Ipsm.Iblquad.I_tst_bot<7>.I3<0>.I_jcb,843,180
Ipsm.Iblquad.I_tst_bot<7>.I3<1>.I_jcb,843,181
Ipsm.Iblquad.I_tst_bot<7>.I3<2>.I_jcb,843,182
Ipsm.Iblquad.I_tst_bot<7>.I3<3>.I_jcb,843,183
Ipsm.Iblquad.I_tst_bot<7>.I4<0>.I_jcb,843,185
Ipsm.Iblquad.I_tst_bot<7>.I4<1>.I_jcb,843,186
Ipsm.Iblquad.I_tst_bot<7>.I4<2>.I_jcb,843,187
Ipsm.Iblquad.I_tst_bot<7>.I4<3>.I_jcb,843,188
Ipsm.Iblquad.I_tst_bot<8>.I0<0>.I_jcb,843,197
Ipsm.Iblquad.I_tst_bot<8>.I0<1>.I_jcb,843,198
Ipsm.Iblquad.I_tst_bot<8>.I0<2>.I_jcb,843,199
Ipsm.Iblquad.I_tst_bot<8>.I0<3>.I_jcb,843,200
Ipsm.Iblquad.I_tst_bot<8>.I3<0>.I_jcb,843,201
Ipsm.Iblquad.I_tst_bot<8>.I3<1>.I_jcb,843,202
Ipsm.Iblquad.I_tst_bot<8>.I3<2>.I_jcb,843,203
Ipsm.Iblquad.I_tst_bot<8>.I3<3>.I_jcb,843,204
Ipsm.Iblquad.I_tst_bot<8>.I4<0>.I_jcb,843,206
Ipsm.Iblquad.I_tst_bot<8>.I4<1>.I_jcb,843,207
Ipsm.Iblquad.I_tst_bot<8>.I4<2>.I_jcb,843,208
Ipsm.Iblquad.I_tst_bot<8>.I4<3>.I_jcb,843,209
Ipsm.Iblquad.I_tst_bot<9>.I0<0>.I_jcb,843,218
Ipsm.Iblquad.I_tst_bot<9>.I0<1>.I_jcb,843,219
Ipsm.Iblquad.I_tst_bot<9>.I0<2>.I_jcb,843,220
Ipsm.Iblquad.I_tst_bot<9>.I0<3>.I_jcb,843,221
Ipsm.Iblquad.I_tst_bot<9>.I3<0>.I_jcb,843,222
Ipsm.Iblquad.I_tst_bot<9>.I3<1>.I_jcb,843,223
Ipsm.Iblquad.I_tst_bot<9>.I3<2>.I_jcb,843,224
Ipsm.Iblquad.I_tst_bot<9>.I3<3>.I_jcb,843,225
Ipsm.Iblquad.I_tst_bot<9>.I4<0>.I_jcb,843,227
Ipsm.Iblquad.I_tst_bot<9>.I4<1>.I_jcb,843,228
Ipsm.Iblquad.I_tst_bot<9>.I4<2>.I_jcb,843,229
Ipsm.Iblquad.I_tst_bot<9>.I4<3>.I_jcb,843,230
Ipsm.Iblquad.I_tst_lb.I0<0>.I_jcb,818,21
Ipsm.Iblquad.I_tst_lb.I0<1>.I_jcb,820,21
Ipsm.Iblquad.I_tst_lb.I0<2>.I_jcb,821,21
Ipsm.Iblquad.I_tst_lb.I0<3>.I_jcb,823,21
Ipsm.Iblquad.I_tst_lb.I3<0>.I_jcb,825,21
Ipsm.Iblquad.I_tst_lb.I3<1>.I_jcb,826,21
Ipsm.Iblquad.I_tst_lb.I3<2>.I_jcb,828,21
Ipsm.Iblquad.I_tst_lb.I3<3>.I_jcb,830,21
Ipsm.Iblquad.I_tst_lb.I4<0>.I_jcb,832,21
Ipsm.Iblquad.I_tst_lb.I4<1>.I_jcb,834,21
Ipsm.Iblquad.I_tst_lb.I4<2>.I_jcb,836,21
Ipsm.Iblquad.I_tst_lb.I4<3>.I_jcb,837,21
Ipsm.Iblquad.I_tst_left<0>.I0<0>.I_jcb,425,0
Ipsm.Iblquad.I_tst_left<0>.I0<1>.I_jcb,427,0
Ipsm.Iblquad.I_tst_left<0>.I0<2>.I_jcb,428,0
Ipsm.Iblquad.I_tst_left<0>.I0<3>.I_jcb,430,0
Ipsm.Iblquad.I_tst_left<0>.I3<0>.I_jcb,432,0
Ipsm.Iblquad.I_tst_left<0>.I3<1>.I_jcb,433,0
Ipsm.Iblquad.I_tst_left<0>.I3<2>.I_jcb,435,0
Ipsm.Iblquad.I_tst_left<0>.I3<3>.I_jcb,437,0
Ipsm.Iblquad.I_tst_left<0>.I4<0>.I_jcb,439,0
Ipsm.Iblquad.I_tst_left<0>.I4<1>.I_jcb,441,0
Ipsm.Iblquad.I_tst_left<0>.I4<2>.I_jcb,443,0
Ipsm.Iblquad.I_tst_left<0>.I4<3>.I_jcb,444,0
Ipsm.Iblquad.I_tst_left<10>.I0<0>.I_jcb,706,0
Ipsm.Iblquad.I_tst_left<10>.I0<1>.I_jcb,708,0
Ipsm.Iblquad.I_tst_left<10>.I0<2>.I_jcb,709,0
Ipsm.Iblquad.I_tst_left<10>.I0<3>.I_jcb,711,0
Ipsm.Iblquad.I_tst_left<10>.I3<0>.I_jcb,713,0
Ipsm.Iblquad.I_tst_left<10>.I3<1>.I_jcb,714,0
Ipsm.Iblquad.I_tst_left<10>.I3<2>.I_jcb,716,0
Ipsm.Iblquad.I_tst_left<10>.I3<3>.I_jcb,718,0
Ipsm.Iblquad.I_tst_left<10>.I4<0>.I_jcb,720,0
Ipsm.Iblquad.I_tst_left<10>.I4<1>.I_jcb,722,0
Ipsm.Iblquad.I_tst_left<10>.I4<2>.I_jcb,724,0
Ipsm.Iblquad.I_tst_left<10>.I4<3>.I_jcb,725,0
Ipsm.Iblquad.I_tst_left<11>.I0<0>.I_jcb,734,0
Ipsm.Iblquad.I_tst_left<11>.I0<1>.I_jcb,736,0
Ipsm.Iblquad.I_tst_left<11>.I0<2>.I_jcb,737,0
Ipsm.Iblquad.I_tst_left<11>.I0<3>.I_jcb,739,0
Ipsm.Iblquad.I_tst_left<11>.I3<0>.I_jcb,741,0
Ipsm.Iblquad.I_tst_left<11>.I3<1>.I_jcb,742,0
Ipsm.Iblquad.I_tst_left<11>.I3<2>.I_jcb,744,0
Ipsm.Iblquad.I_tst_left<11>.I3<3>.I_jcb,746,0
Ipsm.Iblquad.I_tst_left<11>.I4<0>.I_jcb,748,0
Ipsm.Iblquad.I_tst_left<11>.I4<1>.I_jcb,750,0
Ipsm.Iblquad.I_tst_left<11>.I4<2>.I_jcb,752,0
Ipsm.Iblquad.I_tst_left<11>.I4<3>.I_jcb,753,0
Ipsm.Iblquad.I_tst_left<12>.I0<0>.I_jcb,762,0
Ipsm.Iblquad.I_tst_left<12>.I0<1>.I_jcb,764,0
Ipsm.Iblquad.I_tst_left<12>.I0<2>.I_jcb,765,0
Ipsm.Iblquad.I_tst_left<12>.I0<3>.I_jcb,767,0
Ipsm.Iblquad.I_tst_left<12>.I3<0>.I_jcb,769,0
Ipsm.Iblquad.I_tst_left<12>.I3<1>.I_jcb,770,0
Ipsm.Iblquad.I_tst_left<12>.I3<2>.I_jcb,772,0
Ipsm.Iblquad.I_tst_left<12>.I3<3>.I_jcb,774,0
Ipsm.Iblquad.I_tst_left<12>.I4<0>.I_jcb,776,0
Ipsm.Iblquad.I_tst_left<12>.I4<1>.I_jcb,778,0
Ipsm.Iblquad.I_tst_left<12>.I4<2>.I_jcb,780,0
Ipsm.Iblquad.I_tst_left<12>.I4<3>.I_jcb,781,0
Ipsm.Iblquad.I_tst_left<13>.I0<0>.I_jcb,790,0
Ipsm.Iblquad.I_tst_left<13>.I0<1>.I_jcb,792,0
Ipsm.Iblquad.I_tst_left<13>.I0<2>.I_jcb,793,0
Ipsm.Iblquad.I_tst_left<13>.I0<3>.I_jcb,795,0
Ipsm.Iblquad.I_tst_left<13>.I3<0>.I_jcb,797,0
Ipsm.Iblquad.I_tst_left<13>.I3<1>.I_jcb,798,0
Ipsm.Iblquad.I_tst_left<13>.I3<2>.I_jcb,800,0
Ipsm.Iblquad.I_tst_left<13>.I3<3>.I_jcb,802,0
Ipsm.Iblquad.I_tst_left<13>.I4<0>.I_jcb,804,0
Ipsm.Iblquad.I_tst_left<13>.I4<1>.I_jcb,806,0
Ipsm.Iblquad.I_tst_left<13>.I4<2>.I_jcb,808,0
Ipsm.Iblquad.I_tst_left<13>.I4<3>.I_jcb,809,0
Ipsm.Iblquad.I_tst_left<1>.I0<0>.I_jcb,453,0
Ipsm.Iblquad.I_tst_left<1>.I0<1>.I_jcb,455,0
Ipsm.Iblquad.I_tst_left<1>.I0<2>.I_jcb,456,0
Ipsm.Iblquad.I_tst_left<1>.I0<3>.I_jcb,458,0
Ipsm.Iblquad.I_tst_left<1>.I3<0>.I_jcb,460,0
Ipsm.Iblquad.I_tst_left<1>.I3<1>.I_jcb,461,0
Ipsm.Iblquad.I_tst_left<1>.I3<2>.I_jcb,463,0
Ipsm.Iblquad.I_tst_left<1>.I3<3>.I_jcb,465,0
Ipsm.Iblquad.I_tst_left<1>.I4<0>.I_jcb,467,0
Ipsm.Iblquad.I_tst_left<1>.I4<1>.I_jcb,469,0
Ipsm.Iblquad.I_tst_left<1>.I4<2>.I_jcb,471,0
Ipsm.Iblquad.I_tst_left<1>.I4<3>.I_jcb,472,0
Ipsm.Iblquad.I_tst_left<2>.I0<0>.I_jcb,481,0
Ipsm.Iblquad.I_tst_left<2>.I0<1>.I_jcb,483,0
Ipsm.Iblquad.I_tst_left<2>.I0<2>.I_jcb,484,0
Ipsm.Iblquad.I_tst_left<2>.I0<3>.I_jcb,486,0
Ipsm.Iblquad.I_tst_left<2>.I3<0>.I_jcb,488,0
Ipsm.Iblquad.I_tst_left<2>.I3<1>.I_jcb,489,0
Ipsm.Iblquad.I_tst_left<2>.I3<2>.I_jcb,491,0
Ipsm.Iblquad.I_tst_left<2>.I3<3>.I_jcb,493,0
Ipsm.Iblquad.I_tst_left<2>.I4<0>.I_jcb,495,0
Ipsm.Iblquad.I_tst_left<2>.I4<1>.I_jcb,497,0
Ipsm.Iblquad.I_tst_left<2>.I4<2>.I_jcb,499,0
Ipsm.Iblquad.I_tst_left<2>.I4<3>.I_jcb,500,0
Ipsm.Iblquad.I_tst_left<3>.I0<0>.I_jcb,509,0
Ipsm.Iblquad.I_tst_left<3>.I0<1>.I_jcb,511,0
Ipsm.Iblquad.I_tst_left<3>.I0<2>.I_jcb,512,0
Ipsm.Iblquad.I_tst_left<3>.I0<3>.I_jcb,514,0
Ipsm.Iblquad.I_tst_left<3>.I3<0>.I_jcb,516,0
Ipsm.Iblquad.I_tst_left<3>.I3<1>.I_jcb,517,0
Ipsm.Iblquad.I_tst_left<3>.I3<2>.I_jcb,519,0
Ipsm.Iblquad.I_tst_left<3>.I3<3>.I_jcb,521,0
Ipsm.Iblquad.I_tst_left<3>.I4<0>.I_jcb,523,0
Ipsm.Iblquad.I_tst_left<3>.I4<1>.I_jcb,525,0
Ipsm.Iblquad.I_tst_left<3>.I4<2>.I_jcb,527,0
Ipsm.Iblquad.I_tst_left<3>.I4<3>.I_jcb,528,0
Ipsm.Iblquad.I_tst_left<4>.I0<0>.I_jcb,537,0
Ipsm.Iblquad.I_tst_left<4>.I0<1>.I_jcb,539,0
Ipsm.Iblquad.I_tst_left<4>.I0<2>.I_jcb,540,0
Ipsm.Iblquad.I_tst_left<4>.I0<3>.I_jcb,542,0
Ipsm.Iblquad.I_tst_left<4>.I3<0>.I_jcb,544,0
Ipsm.Iblquad.I_tst_left<4>.I3<1>.I_jcb,545,0
Ipsm.Iblquad.I_tst_left<4>.I3<2>.I_jcb,547,0
Ipsm.Iblquad.I_tst_left<4>.I3<3>.I_jcb,549,0
Ipsm.Iblquad.I_tst_left<4>.I4<0>.I_jcb,551,0
Ipsm.Iblquad.I_tst_left<4>.I4<1>.I_jcb,553,0
Ipsm.Iblquad.I_tst_left<4>.I4<2>.I_jcb,555,0
Ipsm.Iblquad.I_tst_left<4>.I4<3>.I_jcb,556,0
Ipsm.Iblquad.I_tst_left<5>.I0<0>.I_jcb,565,0
Ipsm.Iblquad.I_tst_left<5>.I0<1>.I_jcb,567,0
Ipsm.Iblquad.I_tst_left<5>.I0<2>.I_jcb,568,0
Ipsm.Iblquad.I_tst_left<5>.I0<3>.I_jcb,570,0
Ipsm.Iblquad.I_tst_left<5>.I3<0>.I_jcb,572,0
Ipsm.Iblquad.I_tst_left<5>.I3<1>.I_jcb,573,0
Ipsm.Iblquad.I_tst_left<5>.I3<2>.I_jcb,575,0
Ipsm.Iblquad.I_tst_left<5>.I3<3>.I_jcb,577,0
Ipsm.Iblquad.I_tst_left<5>.I4<0>.I_jcb,579,0
Ipsm.Iblquad.I_tst_left<5>.I4<1>.I_jcb,581,0
Ipsm.Iblquad.I_tst_left<5>.I4<2>.I_jcb,583,0
Ipsm.Iblquad.I_tst_left<5>.I4<3>.I_jcb,584,0
Ipsm.Iblquad.I_tst_left<6>.I0<0>.I_jcb,593,0
Ipsm.Iblquad.I_tst_left<6>.I0<1>.I_jcb,595,0
Ipsm.Iblquad.I_tst_left<6>.I0<2>.I_jcb,596,0
Ipsm.Iblquad.I_tst_left<6>.I0<3>.I_jcb,598,0
Ipsm.Iblquad.I_tst_left<6>.I3<0>.I_jcb,600,0
Ipsm.Iblquad.I_tst_left<6>.I3<1>.I_jcb,601,0
Ipsm.Iblquad.I_tst_left<6>.I3<2>.I_jcb,603,0
Ipsm.Iblquad.I_tst_left<6>.I3<3>.I_jcb,605,0
Ipsm.Iblquad.I_tst_left<6>.I4<0>.I_jcb,607,0
Ipsm.Iblquad.I_tst_left<6>.I4<1>.I_jcb,609,0
Ipsm.Iblquad.I_tst_left<6>.I4<2>.I_jcb,611,0
Ipsm.Iblquad.I_tst_left<6>.I4<3>.I_jcb,612,0
Ipsm.Iblquad.I_tst_left<7>.I0<0>.I_jcb,621,0
Ipsm.Iblquad.I_tst_left<7>.I0<1>.I_jcb,623,0
Ipsm.Iblquad.I_tst_left<7>.I0<2>.I_jcb,624,0
Ipsm.Iblquad.I_tst_left<7>.I0<3>.I_jcb,626,0
Ipsm.Iblquad.I_tst_left<7>.I3<0>.I_jcb,628,0
Ipsm.Iblquad.I_tst_left<7>.I3<1>.I_jcb,629,0
Ipsm.Iblquad.I_tst_left<7>.I3<2>.I_jcb,631,0
Ipsm.Iblquad.I_tst_left<7>.I3<3>.I_jcb,633,0
Ipsm.Iblquad.I_tst_left<7>.I4<0>.I_jcb,635,0
Ipsm.Iblquad.I_tst_left<7>.I4<1>.I_jcb,637,0
Ipsm.Iblquad.I_tst_left<7>.I4<2>.I_jcb,639,0
Ipsm.Iblquad.I_tst_left<7>.I4<3>.I_jcb,640,0
Ipsm.Iblquad.I_tst_left<8>.I0<0>.I_jcb,650,0
Ipsm.Iblquad.I_tst_left<8>.I0<1>.I_jcb,652,0
Ipsm.Iblquad.I_tst_left<8>.I0<2>.I_jcb,653,0
Ipsm.Iblquad.I_tst_left<8>.I0<3>.I_jcb,655,0
Ipsm.Iblquad.I_tst_left<8>.I3<0>.I_jcb,657,0
Ipsm.Iblquad.I_tst_left<8>.I3<1>.I_jcb,658,0
Ipsm.Iblquad.I_tst_left<8>.I3<2>.I_jcb,660,0
Ipsm.Iblquad.I_tst_left<8>.I3<3>.I_jcb,662,0
Ipsm.Iblquad.I_tst_left<8>.I4<0>.I_jcb,664,0
Ipsm.Iblquad.I_tst_left<8>.I4<1>.I_jcb,666,0
Ipsm.Iblquad.I_tst_left<8>.I4<2>.I_jcb,668,0
Ipsm.Iblquad.I_tst_left<8>.I4<3>.I_jcb,669,0
Ipsm.Iblquad.I_tst_left<9>.I0<0>.I_jcb,678,0
Ipsm.Iblquad.I_tst_left<9>.I0<1>.I_jcb,680,0
Ipsm.Iblquad.I_tst_left<9>.I0<2>.I_jcb,681,0
Ipsm.Iblquad.I_tst_left<9>.I0<3>.I_jcb,683,0
Ipsm.Iblquad.I_tst_left<9>.I3<0>.I_jcb,685,0
Ipsm.Iblquad.I_tst_left<9>.I3<1>.I_jcb,686,0
Ipsm.Iblquad.I_tst_left<9>.I3<2>.I_jcb,688,0
Ipsm.Iblquad.I_tst_left<9>.I3<3>.I_jcb,690,0
Ipsm.Iblquad.I_tst_left<9>.I4<0>.I_jcb,692,0
Ipsm.Iblquad.I_tst_left<9>.I4<1>.I_jcb,694,0
Ipsm.Iblquad.I_tst_left<9>.I4<2>.I_jcb,696,0
Ipsm.Iblquad.I_tst_left<9>.I4<3>.I_jcb,697,0
Ipsm.Ibrquad.I_tst_bot<0>.I0<0>.I_jcb,843,365
Ipsm.Ibrquad.I_tst_bot<0>.I0<1>.I_jcb,843,366
Ipsm.Ibrquad.I_tst_bot<0>.I0<2>.I_jcb,843,367
Ipsm.Ibrquad.I_tst_bot<0>.I0<3>.I_jcb,843,368
Ipsm.Ibrquad.I_tst_bot<0>.I3<0>.I_jcb,843,369
Ipsm.Ibrquad.I_tst_bot<0>.I3<1>.I_jcb,843,370
Ipsm.Ibrquad.I_tst_bot<0>.I3<2>.I_jcb,843,371
Ipsm.Ibrquad.I_tst_bot<0>.I3<3>.I_jcb,843,372
Ipsm.Ibrquad.I_tst_bot<0>.I4<0>.I_jcb,843,374
Ipsm.Ibrquad.I_tst_bot<0>.I4<1>.I_jcb,843,375
Ipsm.Ibrquad.I_tst_bot<0>.I4<2>.I_jcb,843,376
Ipsm.Ibrquad.I_tst_bot<0>.I4<3>.I_jcb,843,377
Ipsm.Ibrquad.I_tst_bot<10>.I0<0>.I_jcb,843,575
Ipsm.Ibrquad.I_tst_bot<10>.I0<1>.I_jcb,843,576
Ipsm.Ibrquad.I_tst_bot<10>.I0<2>.I_jcb,843,577
Ipsm.Ibrquad.I_tst_bot<10>.I0<3>.I_jcb,843,578
Ipsm.Ibrquad.I_tst_bot<10>.I3<0>.I_jcb,843,579
Ipsm.Ibrquad.I_tst_bot<10>.I3<1>.I_jcb,843,580
Ipsm.Ibrquad.I_tst_bot<10>.I3<2>.I_jcb,843,581
Ipsm.Ibrquad.I_tst_bot<10>.I3<3>.I_jcb,843,582
Ipsm.Ibrquad.I_tst_bot<10>.I4<0>.I_jcb,843,584
Ipsm.Ibrquad.I_tst_bot<10>.I4<1>.I_jcb,843,585
Ipsm.Ibrquad.I_tst_bot<10>.I4<2>.I_jcb,843,586
Ipsm.Ibrquad.I_tst_bot<10>.I4<3>.I_jcb,843,587
Ipsm.Ibrquad.I_tst_bot<11>.I0<0>.I_jcb,843,596
Ipsm.Ibrquad.I_tst_bot<11>.I0<1>.I_jcb,843,597
Ipsm.Ibrquad.I_tst_bot<11>.I0<2>.I_jcb,843,598
Ipsm.Ibrquad.I_tst_bot<11>.I0<3>.I_jcb,843,599
Ipsm.Ibrquad.I_tst_bot<11>.I3<0>.I_jcb,843,600
Ipsm.Ibrquad.I_tst_bot<11>.I3<1>.I_jcb,843,601
Ipsm.Ibrquad.I_tst_bot<11>.I3<2>.I_jcb,843,602
Ipsm.Ibrquad.I_tst_bot<11>.I3<3>.I_jcb,843,603
Ipsm.Ibrquad.I_tst_bot<11>.I4<0>.I_jcb,843,605
Ipsm.Ibrquad.I_tst_bot<11>.I4<1>.I_jcb,843,606
Ipsm.Ibrquad.I_tst_bot<11>.I4<2>.I_jcb,843,607
Ipsm.Ibrquad.I_tst_bot<11>.I4<3>.I_jcb,843,608
Ipsm.Ibrquad.I_tst_bot<12>.I0<0>.I_jcb,843,617
Ipsm.Ibrquad.I_tst_bot<12>.I0<1>.I_jcb,843,618
Ipsm.Ibrquad.I_tst_bot<12>.I0<2>.I_jcb,843,619
Ipsm.Ibrquad.I_tst_bot<12>.I0<3>.I_jcb,843,620
Ipsm.Ibrquad.I_tst_bot<12>.I3<0>.I_jcb,843,621
Ipsm.Ibrquad.I_tst_bot<12>.I3<1>.I_jcb,843,622
Ipsm.Ibrquad.I_tst_bot<12>.I3<2>.I_jcb,843,623
Ipsm.Ibrquad.I_tst_bot<12>.I3<3>.I_jcb,843,624
Ipsm.Ibrquad.I_tst_bot<12>.I4<0>.I_jcb,843,626
Ipsm.Ibrquad.I_tst_bot<12>.I4<1>.I_jcb,843,627
Ipsm.Ibrquad.I_tst_bot<12>.I4<2>.I_jcb,843,628
Ipsm.Ibrquad.I_tst_bot<12>.I4<3>.I_jcb,843,629
Ipsm.Ibrquad.I_tst_bot<13>.I0<0>.I_jcb,843,638
Ipsm.Ibrquad.I_tst_bot<13>.I0<1>.I_jcb,843,639
Ipsm.Ibrquad.I_tst_bot<13>.I0<2>.I_jcb,843,640
Ipsm.Ibrquad.I_tst_bot<13>.I0<3>.I_jcb,843,641
Ipsm.Ibrquad.I_tst_bot<13>.I3<0>.I_jcb,843,642
Ipsm.Ibrquad.I_tst_bot<13>.I3<1>.I_jcb,843,643
Ipsm.Ibrquad.I_tst_bot<13>.I3<2>.I_jcb,843,644
Ipsm.Ibrquad.I_tst_bot<13>.I3<3>.I_jcb,843,645
Ipsm.Ibrquad.I_tst_bot<13>.I4<0>.I_jcb,843,647
Ipsm.Ibrquad.I_tst_bot<13>.I4<1>.I_jcb,843,648
Ipsm.Ibrquad.I_tst_bot<13>.I4<2>.I_jcb,843,649
Ipsm.Ibrquad.I_tst_bot<13>.I4<3>.I_jcb,843,650
Ipsm.Ibrquad.I_tst_bot<14>.I0<0>.I_jcb,843,659
Ipsm.Ibrquad.I_tst_bot<14>.I0<1>.I_jcb,843,660
Ipsm.Ibrquad.I_tst_bot<14>.I0<2>.I_jcb,843,661
Ipsm.Ibrquad.I_tst_bot<14>.I0<3>.I_jcb,843,662
Ipsm.Ibrquad.I_tst_bot<14>.I3<0>.I_jcb,843,663
Ipsm.Ibrquad.I_tst_bot<14>.I3<1>.I_jcb,843,664
Ipsm.Ibrquad.I_tst_bot<14>.I3<2>.I_jcb,843,665
Ipsm.Ibrquad.I_tst_bot<14>.I3<3>.I_jcb,843,666
Ipsm.Ibrquad.I_tst_bot<14>.I4<0>.I_jcb,843,668
Ipsm.Ibrquad.I_tst_bot<14>.I4<1>.I_jcb,843,669
Ipsm.Ibrquad.I_tst_bot<14>.I4<2>.I_jcb,843,670
Ipsm.Ibrquad.I_tst_bot<14>.I4<3>.I_jcb,843,671
Ipsm.Ibrquad.I_tst_bot<15>.I0<0>.I_jcb,843,680
Ipsm.Ibrquad.I_tst_bot<15>.I0<1>.I_jcb,843,681
Ipsm.Ibrquad.I_tst_bot<15>.I0<2>.I_jcb,843,682
Ipsm.Ibrquad.I_tst_bot<15>.I0<3>.I_jcb,843,683
Ipsm.Ibrquad.I_tst_bot<15>.I3<0>.I_jcb,843,684
Ipsm.Ibrquad.I_tst_bot<15>.I3<1>.I_jcb,843,685
Ipsm.Ibrquad.I_tst_bot<15>.I3<2>.I_jcb,843,686
Ipsm.Ibrquad.I_tst_bot<15>.I3<3>.I_jcb,843,687
Ipsm.Ibrquad.I_tst_bot<15>.I4<0>.I_jcb,843,689
Ipsm.Ibrquad.I_tst_bot<15>.I4<1>.I_jcb,843,690
Ipsm.Ibrquad.I_tst_bot<15>.I4<2>.I_jcb,843,691
Ipsm.Ibrquad.I_tst_bot<15>.I4<3>.I_jcb,843,692
Ipsm.Ibrquad.I_tst_bot<1>.I0<0>.I_jcb,843,386
Ipsm.Ibrquad.I_tst_bot<1>.I0<1>.I_jcb,843,387
Ipsm.Ibrquad.I_tst_bot<1>.I0<2>.I_jcb,843,388
Ipsm.Ibrquad.I_tst_bot<1>.I0<3>.I_jcb,843,389
Ipsm.Ibrquad.I_tst_bot<1>.I3<0>.I_jcb,843,390
Ipsm.Ibrquad.I_tst_bot<1>.I3<1>.I_jcb,843,391
Ipsm.Ibrquad.I_tst_bot<1>.I3<2>.I_jcb,843,392
Ipsm.Ibrquad.I_tst_bot<1>.I3<3>.I_jcb,843,393
Ipsm.Ibrquad.I_tst_bot<1>.I4<0>.I_jcb,843,395
Ipsm.Ibrquad.I_tst_bot<1>.I4<1>.I_jcb,843,396
Ipsm.Ibrquad.I_tst_bot<1>.I4<2>.I_jcb,843,397
Ipsm.Ibrquad.I_tst_bot<1>.I4<3>.I_jcb,843,398
Ipsm.Ibrquad.I_tst_bot<2>.I0<0>.I_jcb,843,407
Ipsm.Ibrquad.I_tst_bot<2>.I0<1>.I_jcb,843,408
Ipsm.Ibrquad.I_tst_bot<2>.I0<2>.I_jcb,843,409
Ipsm.Ibrquad.I_tst_bot<2>.I0<3>.I_jcb,843,410
Ipsm.Ibrquad.I_tst_bot<2>.I3<0>.I_jcb,843,411
Ipsm.Ibrquad.I_tst_bot<2>.I3<1>.I_jcb,843,412
Ipsm.Ibrquad.I_tst_bot<2>.I3<2>.I_jcb,843,413
Ipsm.Ibrquad.I_tst_bot<2>.I3<3>.I_jcb,843,414
Ipsm.Ibrquad.I_tst_bot<2>.I4<0>.I_jcb,843,416
Ipsm.Ibrquad.I_tst_bot<2>.I4<1>.I_jcb,843,417
Ipsm.Ibrquad.I_tst_bot<2>.I4<2>.I_jcb,843,418
Ipsm.Ibrquad.I_tst_bot<2>.I4<3>.I_jcb,843,419
Ipsm.Ibrquad.I_tst_bot<3>.I0<0>.I_jcb,843,428
Ipsm.Ibrquad.I_tst_bot<3>.I0<1>.I_jcb,843,429
Ipsm.Ibrquad.I_tst_bot<3>.I0<2>.I_jcb,843,430
Ipsm.Ibrquad.I_tst_bot<3>.I0<3>.I_jcb,843,431
Ipsm.Ibrquad.I_tst_bot<3>.I3<0>.I_jcb,843,432
Ipsm.Ibrquad.I_tst_bot<3>.I3<1>.I_jcb,843,433
Ipsm.Ibrquad.I_tst_bot<3>.I3<2>.I_jcb,843,434
Ipsm.Ibrquad.I_tst_bot<3>.I3<3>.I_jcb,843,435
Ipsm.Ibrquad.I_tst_bot<3>.I4<0>.I_jcb,843,437
Ipsm.Ibrquad.I_tst_bot<3>.I4<1>.I_jcb,843,438
Ipsm.Ibrquad.I_tst_bot<3>.I4<2>.I_jcb,843,439
Ipsm.Ibrquad.I_tst_bot<3>.I4<3>.I_jcb,843,440
Ipsm.Ibrquad.I_tst_bot<4>.I0<0>.I_jcb,843,449
Ipsm.Ibrquad.I_tst_bot<4>.I0<1>.I_jcb,843,450
Ipsm.Ibrquad.I_tst_bot<4>.I0<2>.I_jcb,843,451
Ipsm.Ibrquad.I_tst_bot<4>.I0<3>.I_jcb,843,452
Ipsm.Ibrquad.I_tst_bot<4>.I3<0>.I_jcb,843,453
Ipsm.Ibrquad.I_tst_bot<4>.I3<1>.I_jcb,843,454
Ipsm.Ibrquad.I_tst_bot<4>.I3<2>.I_jcb,843,455
Ipsm.Ibrquad.I_tst_bot<4>.I3<3>.I_jcb,843,456
Ipsm.Ibrquad.I_tst_bot<4>.I4<0>.I_jcb,843,458
Ipsm.Ibrquad.I_tst_bot<4>.I4<1>.I_jcb,843,459
Ipsm.Ibrquad.I_tst_bot<4>.I4<2>.I_jcb,843,460
Ipsm.Ibrquad.I_tst_bot<4>.I4<3>.I_jcb,843,461
Ipsm.Ibrquad.I_tst_bot<5>.I0<0>.I_jcb,843,470
Ipsm.Ibrquad.I_tst_bot<5>.I0<1>.I_jcb,843,471
Ipsm.Ibrquad.I_tst_bot<5>.I0<2>.I_jcb,843,472
Ipsm.Ibrquad.I_tst_bot<5>.I0<3>.I_jcb,843,473
Ipsm.Ibrquad.I_tst_bot<5>.I3<0>.I_jcb,843,474
Ipsm.Ibrquad.I_tst_bot<5>.I3<1>.I_jcb,843,475
Ipsm.Ibrquad.I_tst_bot<5>.I3<2>.I_jcb,843,476
Ipsm.Ibrquad.I_tst_bot<5>.I3<3>.I_jcb,843,477
Ipsm.Ibrquad.I_tst_bot<5>.I4<0>.I_jcb,843,479
Ipsm.Ibrquad.I_tst_bot<5>.I4<1>.I_jcb,843,480
Ipsm.Ibrquad.I_tst_bot<5>.I4<2>.I_jcb,843,481
Ipsm.Ibrquad.I_tst_bot<5>.I4<3>.I_jcb,843,482
Ipsm.Ibrquad.I_tst_bot<6>.I0<0>.I_jcb,843,491
Ipsm.Ibrquad.I_tst_bot<6>.I0<1>.I_jcb,843,492
Ipsm.Ibrquad.I_tst_bot<6>.I0<2>.I_jcb,843,493
Ipsm.Ibrquad.I_tst_bot<6>.I0<3>.I_jcb,843,494
Ipsm.Ibrquad.I_tst_bot<6>.I3<0>.I_jcb,843,495
Ipsm.Ibrquad.I_tst_bot<6>.I3<1>.I_jcb,843,496
Ipsm.Ibrquad.I_tst_bot<6>.I3<2>.I_jcb,843,497
Ipsm.Ibrquad.I_tst_bot<6>.I3<3>.I_jcb,843,498
Ipsm.Ibrquad.I_tst_bot<6>.I4<0>.I_jcb,843,500
Ipsm.Ibrquad.I_tst_bot<6>.I4<1>.I_jcb,843,501
Ipsm.Ibrquad.I_tst_bot<6>.I4<2>.I_jcb,843,502
Ipsm.Ibrquad.I_tst_bot<6>.I4<3>.I_jcb,843,503
Ipsm.Ibrquad.I_tst_bot<7>.I0<0>.I_jcb,843,512
Ipsm.Ibrquad.I_tst_bot<7>.I0<1>.I_jcb,843,513
Ipsm.Ibrquad.I_tst_bot<7>.I0<2>.I_jcb,843,514
Ipsm.Ibrquad.I_tst_bot<7>.I0<3>.I_jcb,843,515
Ipsm.Ibrquad.I_tst_bot<7>.I3<0>.I_jcb,843,516
Ipsm.Ibrquad.I_tst_bot<7>.I3<1>.I_jcb,843,517
Ipsm.Ibrquad.I_tst_bot<7>.I3<2>.I_jcb,843,518
Ipsm.Ibrquad.I_tst_bot<7>.I3<3>.I_jcb,843,519
Ipsm.Ibrquad.I_tst_bot<7>.I4<0>.I_jcb,843,521
Ipsm.Ibrquad.I_tst_bot<7>.I4<1>.I_jcb,843,522
Ipsm.Ibrquad.I_tst_bot<7>.I4<2>.I_jcb,843,523
Ipsm.Ibrquad.I_tst_bot<7>.I4<3>.I_jcb,843,524
Ipsm.Ibrquad.I_tst_bot<8>.I0<0>.I_jcb,843,533
Ipsm.Ibrquad.I_tst_bot<8>.I0<1>.I_jcb,843,534
Ipsm.Ibrquad.I_tst_bot<8>.I0<2>.I_jcb,843,535
Ipsm.Ibrquad.I_tst_bot<8>.I0<3>.I_jcb,843,536
Ipsm.Ibrquad.I_tst_bot<8>.I3<0>.I_jcb,843,537
Ipsm.Ibrquad.I_tst_bot<8>.I3<1>.I_jcb,843,538
Ipsm.Ibrquad.I_tst_bot<8>.I3<2>.I_jcb,843,539
Ipsm.Ibrquad.I_tst_bot<8>.I3<3>.I_jcb,843,540
Ipsm.Ibrquad.I_tst_bot<8>.I4<0>.I_jcb,843,542
Ipsm.Ibrquad.I_tst_bot<8>.I4<1>.I_jcb,843,543
Ipsm.Ibrquad.I_tst_bot<8>.I4<2>.I_jcb,843,544
Ipsm.Ibrquad.I_tst_bot<8>.I4<3>.I_jcb,843,545
Ipsm.Ibrquad.I_tst_bot<9>.I0<0>.I_jcb,843,554
Ipsm.Ibrquad.I_tst_bot<9>.I0<1>.I_jcb,843,555
Ipsm.Ibrquad.I_tst_bot<9>.I0<2>.I_jcb,843,556
Ipsm.Ibrquad.I_tst_bot<9>.I0<3>.I_jcb,843,557
Ipsm.Ibrquad.I_tst_bot<9>.I3<0>.I_jcb,843,558
Ipsm.Ibrquad.I_tst_bot<9>.I3<1>.I_jcb,843,559
Ipsm.Ibrquad.I_tst_bot<9>.I3<2>.I_jcb,843,560
Ipsm.Ibrquad.I_tst_bot<9>.I3<3>.I_jcb,843,561
Ipsm.Ibrquad.I_tst_bot<9>.I4<0>.I_jcb,843,563
Ipsm.Ibrquad.I_tst_bot<9>.I4<1>.I_jcb,843,564
Ipsm.Ibrquad.I_tst_bot<9>.I4<2>.I_jcb,843,565
Ipsm.Ibrquad.I_tst_bot<9>.I4<3>.I_jcb,843,566
Ipsm.Ibrquad.I_tst_br.I0<0>.I_jcb,815,701
Ipsm.Ibrquad.I_tst_br.I0<1>.I_jcb,815,702
Ipsm.Ibrquad.I_tst_br.I0<2>.I_jcb,815,703
Ipsm.Ibrquad.I_tst_br.I0<3>.I_jcb,815,704
Ipsm.Ibrquad.I_tst_br.I3<0>.I_jcb,815,705
Ipsm.Ibrquad.I_tst_br.I3<1>.I_jcb,815,706
Ipsm.Ibrquad.I_tst_br.I3<2>.I_jcb,815,707
Ipsm.Ibrquad.I_tst_br.I3<3>.I_jcb,815,708
Ipsm.Ibrquad.I_tst_br.I4<0>.I_jcb,815,710
Ipsm.Ibrquad.I_tst_br.I4<1>.I_jcb,815,711
Ipsm.Ibrquad.I_tst_br.I4<2>.I_jcb,815,712
Ipsm.Ibrquad.I_tst_br.I4<3>.I_jcb,815,713
Ipsm.Ibrquad.I_tst_rb.J_H1<0>.I_jcb,818,694
Ipsm.Ibrquad.I_tst_rb.J_H1<1>.I_jcb,820,694
Ipsm.Ibrquad.I_tst_rb.J_H1<2>.I_jcb,821,694
Ipsm.Ibrquad.I_tst_rb.J_H1<3>.I_jcb,823,694
Ipsm.Ibrquad.I_tst_rb.J_H2<0>.I_jcb,825,694
Ipsm.Ibrquad.I_tst_rb.J_H2<1>.I_jcb,826,694
Ipsm.Ibrquad.I_tst_rb.J_H4<0>.I_jcb,828,694
Ipsm.Ibrquad.I_tst_rb.J_H4<1>.I_jcb,830,694
Ipsm.Ibrquad.I_tst_rb.J_H4<2>.I_jcb,832,694
Ipsm.Ibrquad.I_tst_rb.J_H4<3>.I_jcb,834,694
Ipsm.Ibrquad.I_tst_rb.J_H4<4>.I_jcb,836,694
Ipsm.Ibrquad.I_tst_rb.J_H4<5>.I_jcb,837,694
Ipsm.Ibrquad.I_tst_rb.J_H4<6>.I_jcb,840,694
Ipsm.Ibrquad.I_tst_rb.J_H4<7>.I_jcb,816,694
Ipsm.Ibrquad.I_tst_right<0>.J_H1<0>.I_jcb,425,715
Ipsm.Ibrquad.I_tst_right<0>.J_H1<1>.I_jcb,427,715
Ipsm.Ibrquad.I_tst_right<0>.J_H1<2>.I_jcb,428,715
Ipsm.Ibrquad.I_tst_right<0>.J_H1<3>.I_jcb,430,715
Ipsm.Ibrquad.I_tst_right<0>.J_H2<0>.I_jcb,432,715
Ipsm.Ibrquad.I_tst_right<0>.J_H2<1>.I_jcb,433,715
Ipsm.Ibrquad.I_tst_right<0>.J_H4<0>.I_jcb,435,715
Ipsm.Ibrquad.I_tst_right<0>.J_H4<1>.I_jcb,437,715
Ipsm.Ibrquad.I_tst_right<0>.J_H4<2>.I_jcb,439,715
Ipsm.Ibrquad.I_tst_right<0>.J_H4<3>.I_jcb,441,715
Ipsm.Ibrquad.I_tst_right<0>.J_H4<4>.I_jcb,443,715
Ipsm.Ibrquad.I_tst_right<0>.J_H4<5>.I_jcb,444,715
Ipsm.Ibrquad.I_tst_right<0>.J_H4<6>.I_jcb,447,715
Ipsm.Ibrquad.I_tst_right<0>.J_H4<7>.I_jcb,423,715
Ipsm.Ibrquad.I_tst_right<10>.J_H1<0>.I_jcb,706,715
Ipsm.Ibrquad.I_tst_right<10>.J_H1<1>.I_jcb,708,715
Ipsm.Ibrquad.I_tst_right<10>.J_H1<2>.I_jcb,709,715
Ipsm.Ibrquad.I_tst_right<10>.J_H1<3>.I_jcb,711,715
Ipsm.Ibrquad.I_tst_right<10>.J_H2<0>.I_jcb,713,715
Ipsm.Ibrquad.I_tst_right<10>.J_H2<1>.I_jcb,714,715
Ipsm.Ibrquad.I_tst_right<10>.J_H4<0>.I_jcb,716,715
Ipsm.Ibrquad.I_tst_right<10>.J_H4<1>.I_jcb,718,715
Ipsm.Ibrquad.I_tst_right<10>.J_H4<2>.I_jcb,720,715
Ipsm.Ibrquad.I_tst_right<10>.J_H4<3>.I_jcb,722,715
Ipsm.Ibrquad.I_tst_right<10>.J_H4<4>.I_jcb,724,715
Ipsm.Ibrquad.I_tst_right<10>.J_H4<5>.I_jcb,725,715
Ipsm.Ibrquad.I_tst_right<10>.J_H4<6>.I_jcb,728,715
Ipsm.Ibrquad.I_tst_right<10>.J_H4<7>.I_jcb,704,715
Ipsm.Ibrquad.I_tst_right<11>.J_H1<0>.I_jcb,734,715
Ipsm.Ibrquad.I_tst_right<11>.J_H1<1>.I_jcb,736,715
Ipsm.Ibrquad.I_tst_right<11>.J_H1<2>.I_jcb,737,715
Ipsm.Ibrquad.I_tst_right<11>.J_H1<3>.I_jcb,739,715
Ipsm.Ibrquad.I_tst_right<11>.J_H2<0>.I_jcb,741,715
Ipsm.Ibrquad.I_tst_right<11>.J_H2<1>.I_jcb,742,715
Ipsm.Ibrquad.I_tst_right<11>.J_H4<0>.I_jcb,744,715
Ipsm.Ibrquad.I_tst_right<11>.J_H4<1>.I_jcb,746,715
Ipsm.Ibrquad.I_tst_right<11>.J_H4<2>.I_jcb,748,715
Ipsm.Ibrquad.I_tst_right<11>.J_H4<3>.I_jcb,750,715
Ipsm.Ibrquad.I_tst_right<11>.J_H4<4>.I_jcb,752,715
Ipsm.Ibrquad.I_tst_right<11>.J_H4<5>.I_jcb,753,715
Ipsm.Ibrquad.I_tst_right<11>.J_H4<6>.I_jcb,756,715
Ipsm.Ibrquad.I_tst_right<11>.J_H4<7>.I_jcb,732,715
Ipsm.Ibrquad.I_tst_right<12>.J_H1<0>.I_jcb,762,715
Ipsm.Ibrquad.I_tst_right<12>.J_H1<1>.I_jcb,764,715
Ipsm.Ibrquad.I_tst_right<12>.J_H1<2>.I_jcb,765,715
Ipsm.Ibrquad.I_tst_right<12>.J_H1<3>.I_jcb,767,715
Ipsm.Ibrquad.I_tst_right<12>.J_H2<0>.I_jcb,769,715
Ipsm.Ibrquad.I_tst_right<12>.J_H2<1>.I_jcb,770,715
Ipsm.Ibrquad.I_tst_right<12>.J_H4<0>.I_jcb,772,715
Ipsm.Ibrquad.I_tst_right<12>.J_H4<1>.I_jcb,774,715
Ipsm.Ibrquad.I_tst_right<12>.J_H4<2>.I_jcb,776,715
Ipsm.Ibrquad.I_tst_right<12>.J_H4<3>.I_jcb,778,715
Ipsm.Ibrquad.I_tst_right<12>.J_H4<4>.I_jcb,780,715
Ipsm.Ibrquad.I_tst_right<12>.J_H4<5>.I_jcb,781,715
Ipsm.Ibrquad.I_tst_right<12>.J_H4<6>.I_jcb,784,715
Ipsm.Ibrquad.I_tst_right<12>.J_H4<7>.I_jcb,760,715
Ipsm.Ibrquad.I_tst_right<13>.J_H1<0>.I_jcb,790,715
Ipsm.Ibrquad.I_tst_right<13>.J_H1<1>.I_jcb,792,715
Ipsm.Ibrquad.I_tst_right<13>.J_H1<2>.I_jcb,793,715
Ipsm.Ibrquad.I_tst_right<13>.J_H1<3>.I_jcb,795,715
Ipsm.Ibrquad.I_tst_right<13>.J_H2<0>.I_jcb,797,715
Ipsm.Ibrquad.I_tst_right<13>.J_H2<1>.I_jcb,798,715
Ipsm.Ibrquad.I_tst_right<13>.J_H4<0>.I_jcb,800,715
Ipsm.Ibrquad.I_tst_right<13>.J_H4<1>.I_jcb,802,715
Ipsm.Ibrquad.I_tst_right<13>.J_H4<2>.I_jcb,804,715
Ipsm.Ibrquad.I_tst_right<13>.J_H4<3>.I_jcb,806,715
Ipsm.Ibrquad.I_tst_right<13>.J_H4<4>.I_jcb,808,715
Ipsm.Ibrquad.I_tst_right<13>.J_H4<5>.I_jcb,809,715
Ipsm.Ibrquad.I_tst_right<13>.J_H4<6>.I_jcb,812,715
Ipsm.Ibrquad.I_tst_right<13>.J_H4<7>.I_jcb,788,715
Ipsm.Ibrquad.I_tst_right<1>.J_H1<0>.I_jcb,453,715
Ipsm.Ibrquad.I_tst_right<1>.J_H1<1>.I_jcb,455,715
Ipsm.Ibrquad.I_tst_right<1>.J_H1<2>.I_jcb,456,715
Ipsm.Ibrquad.I_tst_right<1>.J_H1<3>.I_jcb,458,715
Ipsm.Ibrquad.I_tst_right<1>.J_H2<0>.I_jcb,460,715
Ipsm.Ibrquad.I_tst_right<1>.J_H2<1>.I_jcb,461,715
Ipsm.Ibrquad.I_tst_right<1>.J_H4<0>.I_jcb,463,715
Ipsm.Ibrquad.I_tst_right<1>.J_H4<1>.I_jcb,465,715
Ipsm.Ibrquad.I_tst_right<1>.J_H4<2>.I_jcb,467,715
Ipsm.Ibrquad.I_tst_right<1>.J_H4<3>.I_jcb,469,715
Ipsm.Ibrquad.I_tst_right<1>.J_H4<4>.I_jcb,471,715
Ipsm.Ibrquad.I_tst_right<1>.J_H4<5>.I_jcb,472,715
Ipsm.Ibrquad.I_tst_right<1>.J_H4<6>.I_jcb,475,715
Ipsm.Ibrquad.I_tst_right<1>.J_H4<7>.I_jcb,451,715
Ipsm.Ibrquad.I_tst_right<2>.J_H1<0>.I_jcb,481,715
Ipsm.Ibrquad.I_tst_right<2>.J_H1<1>.I_jcb,483,715
Ipsm.Ibrquad.I_tst_right<2>.J_H1<2>.I_jcb,484,715
Ipsm.Ibrquad.I_tst_right<2>.J_H1<3>.I_jcb,486,715
Ipsm.Ibrquad.I_tst_right<2>.J_H2<0>.I_jcb,488,715
Ipsm.Ibrquad.I_tst_right<2>.J_H2<1>.I_jcb,489,715
Ipsm.Ibrquad.I_tst_right<2>.J_H4<0>.I_jcb,491,715
Ipsm.Ibrquad.I_tst_right<2>.J_H4<1>.I_jcb,493,715
Ipsm.Ibrquad.I_tst_right<2>.J_H4<2>.I_jcb,495,715
Ipsm.Ibrquad.I_tst_right<2>.J_H4<3>.I_jcb,497,715
Ipsm.Ibrquad.I_tst_right<2>.J_H4<4>.I_jcb,499,715
Ipsm.Ibrquad.I_tst_right<2>.J_H4<5>.I_jcb,500,715
Ipsm.Ibrquad.I_tst_right<2>.J_H4<6>.I_jcb,503,715
Ipsm.Ibrquad.I_tst_right<2>.J_H4<7>.I_jcb,479,715
Ipsm.Ibrquad.I_tst_right<3>.J_H1<0>.I_jcb,509,715
Ipsm.Ibrquad.I_tst_right<3>.J_H1<1>.I_jcb,511,715
Ipsm.Ibrquad.I_tst_right<3>.J_H1<2>.I_jcb,512,715
Ipsm.Ibrquad.I_tst_right<3>.J_H1<3>.I_jcb,514,715
Ipsm.Ibrquad.I_tst_right<3>.J_H2<0>.I_jcb,516,715
Ipsm.Ibrquad.I_tst_right<3>.J_H2<1>.I_jcb,517,715
Ipsm.Ibrquad.I_tst_right<3>.J_H4<0>.I_jcb,519,715
Ipsm.Ibrquad.I_tst_right<3>.J_H4<1>.I_jcb,521,715
Ipsm.Ibrquad.I_tst_right<3>.J_H4<2>.I_jcb,523,715
Ipsm.Ibrquad.I_tst_right<3>.J_H4<3>.I_jcb,525,715
Ipsm.Ibrquad.I_tst_right<3>.J_H4<4>.I_jcb,527,715
Ipsm.Ibrquad.I_tst_right<3>.J_H4<5>.I_jcb,528,715
Ipsm.Ibrquad.I_tst_right<3>.J_H4<6>.I_jcb,531,715
Ipsm.Ibrquad.I_tst_right<3>.J_H4<7>.I_jcb,507,715
Ipsm.Ibrquad.I_tst_right<4>.J_H1<0>.I_jcb,537,715
Ipsm.Ibrquad.I_tst_right<4>.J_H1<1>.I_jcb,539,715
Ipsm.Ibrquad.I_tst_right<4>.J_H1<2>.I_jcb,540,715
Ipsm.Ibrquad.I_tst_right<4>.J_H1<3>.I_jcb,542,715
Ipsm.Ibrquad.I_tst_right<4>.J_H2<0>.I_jcb,544,715
Ipsm.Ibrquad.I_tst_right<4>.J_H2<1>.I_jcb,545,715
Ipsm.Ibrquad.I_tst_right<4>.J_H4<0>.I_jcb,547,715
Ipsm.Ibrquad.I_tst_right<4>.J_H4<1>.I_jcb,549,715
Ipsm.Ibrquad.I_tst_right<4>.J_H4<2>.I_jcb,551,715
Ipsm.Ibrquad.I_tst_right<4>.J_H4<3>.I_jcb,553,715
Ipsm.Ibrquad.I_tst_right<4>.J_H4<4>.I_jcb,555,715
Ipsm.Ibrquad.I_tst_right<4>.J_H4<5>.I_jcb,556,715
Ipsm.Ibrquad.I_tst_right<4>.J_H4<6>.I_jcb,559,715
Ipsm.Ibrquad.I_tst_right<4>.J_H4<7>.I_jcb,535,715
Ipsm.Ibrquad.I_tst_right<5>.J_H1<0>.I_jcb,565,715
Ipsm.Ibrquad.I_tst_right<5>.J_H1<1>.I_jcb,567,715
Ipsm.Ibrquad.I_tst_right<5>.J_H1<2>.I_jcb,568,715
Ipsm.Ibrquad.I_tst_right<5>.J_H1<3>.I_jcb,570,715
Ipsm.Ibrquad.I_tst_right<5>.J_H2<0>.I_jcb,572,715
Ipsm.Ibrquad.I_tst_right<5>.J_H2<1>.I_jcb,573,715
Ipsm.Ibrquad.I_tst_right<5>.J_H4<0>.I_jcb,575,715
Ipsm.Ibrquad.I_tst_right<5>.J_H4<1>.I_jcb,577,715
Ipsm.Ibrquad.I_tst_right<5>.J_H4<2>.I_jcb,579,715
Ipsm.Ibrquad.I_tst_right<5>.J_H4<3>.I_jcb,581,715
Ipsm.Ibrquad.I_tst_right<5>.J_H4<4>.I_jcb,583,715
Ipsm.Ibrquad.I_tst_right<5>.J_H4<5>.I_jcb,584,715
Ipsm.Ibrquad.I_tst_right<5>.J_H4<6>.I_jcb,587,715
Ipsm.Ibrquad.I_tst_right<5>.J_H4<7>.I_jcb,563,715
Ipsm.Ibrquad.I_tst_right<6>.J_H1<0>.I_jcb,593,715
Ipsm.Ibrquad.I_tst_right<6>.J_H1<1>.I_jcb,595,715
Ipsm.Ibrquad.I_tst_right<6>.J_H1<2>.I_jcb,596,715
Ipsm.Ibrquad.I_tst_right<6>.J_H1<3>.I_jcb,598,715
Ipsm.Ibrquad.I_tst_right<6>.J_H2<0>.I_jcb,600,715
Ipsm.Ibrquad.I_tst_right<6>.J_H2<1>.I_jcb,601,715
Ipsm.Ibrquad.I_tst_right<6>.J_H4<0>.I_jcb,603,715
Ipsm.Ibrquad.I_tst_right<6>.J_H4<1>.I_jcb,605,715
Ipsm.Ibrquad.I_tst_right<6>.J_H4<2>.I_jcb,607,715
Ipsm.Ibrquad.I_tst_right<6>.J_H4<3>.I_jcb,609,715
Ipsm.Ibrquad.I_tst_right<6>.J_H4<4>.I_jcb,611,715
Ipsm.Ibrquad.I_tst_right<6>.J_H4<5>.I_jcb,612,715
Ipsm.Ibrquad.I_tst_right<6>.J_H4<6>.I_jcb,615,715
Ipsm.Ibrquad.I_tst_right<6>.J_H4<7>.I_jcb,591,715
Ipsm.Ibrquad.I_tst_right<7>.J_H1<0>.I_jcb,621,715
Ipsm.Ibrquad.I_tst_right<7>.J_H1<1>.I_jcb,623,715
Ipsm.Ibrquad.I_tst_right<7>.J_H1<2>.I_jcb,624,715
Ipsm.Ibrquad.I_tst_right<7>.J_H1<3>.I_jcb,626,715
Ipsm.Ibrquad.I_tst_right<7>.J_H2<0>.I_jcb,628,715
Ipsm.Ibrquad.I_tst_right<7>.J_H2<1>.I_jcb,629,715
Ipsm.Ibrquad.I_tst_right<7>.J_H4<0>.I_jcb,631,715
Ipsm.Ibrquad.I_tst_right<7>.J_H4<1>.I_jcb,633,715
Ipsm.Ibrquad.I_tst_right<7>.J_H4<2>.I_jcb,635,715
Ipsm.Ibrquad.I_tst_right<7>.J_H4<3>.I_jcb,637,715
Ipsm.Ibrquad.I_tst_right<7>.J_H4<4>.I_jcb,639,715
Ipsm.Ibrquad.I_tst_right<7>.J_H4<5>.I_jcb,640,715
Ipsm.Ibrquad.I_tst_right<7>.J_H4<6>.I_jcb,643,715
Ipsm.Ibrquad.I_tst_right<7>.J_H4<7>.I_jcb,619,715
Ipsm.Ibrquad.I_tst_right<8>.J_H1<0>.I_jcb,650,715
Ipsm.Ibrquad.I_tst_right<8>.J_H1<1>.I_jcb,652,715
Ipsm.Ibrquad.I_tst_right<8>.J_H1<2>.I_jcb,653,715
Ipsm.Ibrquad.I_tst_right<8>.J_H1<3>.I_jcb,655,715
Ipsm.Ibrquad.I_tst_right<8>.J_H2<0>.I_jcb,657,715
Ipsm.Ibrquad.I_tst_right<8>.J_H2<1>.I_jcb,658,715
Ipsm.Ibrquad.I_tst_right<8>.J_H4<0>.I_jcb,660,715
Ipsm.Ibrquad.I_tst_right<8>.J_H4<1>.I_jcb,662,715
Ipsm.Ibrquad.I_tst_right<8>.J_H4<2>.I_jcb,664,715
Ipsm.Ibrquad.I_tst_right<8>.J_H4<3>.I_jcb,666,715
Ipsm.Ibrquad.I_tst_right<8>.J_H4<4>.I_jcb,668,715
Ipsm.Ibrquad.I_tst_right<8>.J_H4<5>.I_jcb,669,715
Ipsm.Ibrquad.I_tst_right<8>.J_H4<6>.I_jcb,672,715
Ipsm.Ibrquad.I_tst_right<8>.J_H4<7>.I_jcb,648,715
Ipsm.Ibrquad.I_tst_right<9>.J_H1<0>.I_jcb,678,715
Ipsm.Ibrquad.I_tst_right<9>.J_H1<1>.I_jcb,680,715
Ipsm.Ibrquad.I_tst_right<9>.J_H1<2>.I_jcb,681,715
Ipsm.Ibrquad.I_tst_right<9>.J_H1<3>.I_jcb,683,715
Ipsm.Ibrquad.I_tst_right<9>.J_H2<0>.I_jcb,685,715
Ipsm.Ibrquad.I_tst_right<9>.J_H2<1>.I_jcb,686,715
Ipsm.Ibrquad.I_tst_right<9>.J_H4<0>.I_jcb,688,715
Ipsm.Ibrquad.I_tst_right<9>.J_H4<1>.I_jcb,690,715
Ipsm.Ibrquad.I_tst_right<9>.J_H4<2>.I_jcb,692,715
Ipsm.Ibrquad.I_tst_right<9>.J_H4<3>.I_jcb,694,715
Ipsm.Ibrquad.I_tst_right<9>.J_H4<4>.I_jcb,696,715
Ipsm.Ibrquad.I_tst_right<9>.J_H4<5>.I_jcb,697,715
Ipsm.Ibrquad.I_tst_right<9>.J_H4<6>.I_jcb,700,715
Ipsm.Ibrquad.I_tst_right<9>.J_H4<7>.I_jcb,676,715
Ipsm.Itlquad.I_tst_left<0>.I0<0>.I_jcb,32,0
Ipsm.Itlquad.I_tst_left<0>.I0<1>.I_jcb,34,0
Ipsm.Itlquad.I_tst_left<0>.I0<2>.I_jcb,35,0
Ipsm.Itlquad.I_tst_left<0>.I0<3>.I_jcb,37,0
Ipsm.Itlquad.I_tst_left<0>.I3<0>.I_jcb,39,0
Ipsm.Itlquad.I_tst_left<0>.I3<1>.I_jcb,40,0
Ipsm.Itlquad.I_tst_left<0>.I3<2>.I_jcb,42,0
Ipsm.Itlquad.I_tst_left<0>.I3<3>.I_jcb,44,0
Ipsm.Itlquad.I_tst_left<0>.I4<0>.I_jcb,46,0
Ipsm.Itlquad.I_tst_left<0>.I4<1>.I_jcb,48,0
Ipsm.Itlquad.I_tst_left<0>.I4<2>.I_jcb,50,0
Ipsm.Itlquad.I_tst_left<0>.I4<3>.I_jcb,51,0
Ipsm.Itlquad.I_tst_left<10>.I0<0>.I_jcb,313,0
Ipsm.Itlquad.I_tst_left<10>.I0<1>.I_jcb,315,0
Ipsm.Itlquad.I_tst_left<10>.I0<2>.I_jcb,316,0
Ipsm.Itlquad.I_tst_left<10>.I0<3>.I_jcb,318,0
Ipsm.Itlquad.I_tst_left<10>.I3<0>.I_jcb,320,0
Ipsm.Itlquad.I_tst_left<10>.I3<1>.I_jcb,321,0
Ipsm.Itlquad.I_tst_left<10>.I3<2>.I_jcb,323,0
Ipsm.Itlquad.I_tst_left<10>.I3<3>.I_jcb,325,0
Ipsm.Itlquad.I_tst_left<10>.I4<0>.I_jcb,327,0
Ipsm.Itlquad.I_tst_left<10>.I4<1>.I_jcb,329,0
Ipsm.Itlquad.I_tst_left<10>.I4<2>.I_jcb,331,0
Ipsm.Itlquad.I_tst_left<10>.I4<3>.I_jcb,332,0
Ipsm.Itlquad.I_tst_left<11>.I0<0>.I_jcb,341,0
Ipsm.Itlquad.I_tst_left<11>.I0<1>.I_jcb,343,0
Ipsm.Itlquad.I_tst_left<11>.I0<2>.I_jcb,344,0
Ipsm.Itlquad.I_tst_left<11>.I0<3>.I_jcb,346,0
Ipsm.Itlquad.I_tst_left<11>.I3<0>.I_jcb,348,0
Ipsm.Itlquad.I_tst_left<11>.I3<1>.I_jcb,349,0
Ipsm.Itlquad.I_tst_left<11>.I3<2>.I_jcb,351,0
Ipsm.Itlquad.I_tst_left<11>.I3<3>.I_jcb,353,0
Ipsm.Itlquad.I_tst_left<11>.I4<0>.I_jcb,355,0
Ipsm.Itlquad.I_tst_left<11>.I4<1>.I_jcb,357,0
Ipsm.Itlquad.I_tst_left<11>.I4<2>.I_jcb,359,0
Ipsm.Itlquad.I_tst_left<11>.I4<3>.I_jcb,360,0
Ipsm.Itlquad.I_tst_left<12>.I0<0>.I_jcb,369,0
Ipsm.Itlquad.I_tst_left<12>.I0<1>.I_jcb,371,0
Ipsm.Itlquad.I_tst_left<12>.I0<2>.I_jcb,372,0
Ipsm.Itlquad.I_tst_left<12>.I0<3>.I_jcb,374,0
Ipsm.Itlquad.I_tst_left<12>.I3<0>.I_jcb,376,0
Ipsm.Itlquad.I_tst_left<12>.I3<1>.I_jcb,377,0
Ipsm.Itlquad.I_tst_left<12>.I3<2>.I_jcb,379,0
Ipsm.Itlquad.I_tst_left<12>.I3<3>.I_jcb,381,0
Ipsm.Itlquad.I_tst_left<12>.I4<0>.I_jcb,383,0
Ipsm.Itlquad.I_tst_left<12>.I4<1>.I_jcb,385,0
Ipsm.Itlquad.I_tst_left<12>.I4<2>.I_jcb,387,0
Ipsm.Itlquad.I_tst_left<12>.I4<3>.I_jcb,388,0
Ipsm.Itlquad.I_tst_left<13>.I0<0>.I_jcb,397,0
Ipsm.Itlquad.I_tst_left<13>.I0<1>.I_jcb,399,0
Ipsm.Itlquad.I_tst_left<13>.I0<2>.I_jcb,400,0
Ipsm.Itlquad.I_tst_left<13>.I0<3>.I_jcb,402,0
Ipsm.Itlquad.I_tst_left<13>.I3<0>.I_jcb,404,0
Ipsm.Itlquad.I_tst_left<13>.I3<1>.I_jcb,405,0
Ipsm.Itlquad.I_tst_left<13>.I3<2>.I_jcb,407,0
Ipsm.Itlquad.I_tst_left<13>.I3<3>.I_jcb,409,0
Ipsm.Itlquad.I_tst_left<13>.I4<0>.I_jcb,411,0
Ipsm.Itlquad.I_tst_left<13>.I4<1>.I_jcb,413,0
Ipsm.Itlquad.I_tst_left<13>.I4<2>.I_jcb,415,0
Ipsm.Itlquad.I_tst_left<13>.I4<3>.I_jcb,416,0
Ipsm.Itlquad.I_tst_left<1>.I0<0>.I_jcb,60,0
Ipsm.Itlquad.I_tst_left<1>.I0<1>.I_jcb,62,0
Ipsm.Itlquad.I_tst_left<1>.I0<2>.I_jcb,63,0
Ipsm.Itlquad.I_tst_left<1>.I0<3>.I_jcb,65,0
Ipsm.Itlquad.I_tst_left<1>.I3<0>.I_jcb,67,0
Ipsm.Itlquad.I_tst_left<1>.I3<1>.I_jcb,68,0
Ipsm.Itlquad.I_tst_left<1>.I3<2>.I_jcb,70,0
Ipsm.Itlquad.I_tst_left<1>.I3<3>.I_jcb,72,0
Ipsm.Itlquad.I_tst_left<1>.I4<0>.I_jcb,74,0
Ipsm.Itlquad.I_tst_left<1>.I4<1>.I_jcb,76,0
Ipsm.Itlquad.I_tst_left<1>.I4<2>.I_jcb,78,0
Ipsm.Itlquad.I_tst_left<1>.I4<3>.I_jcb,79,0
Ipsm.Itlquad.I_tst_left<2>.I0<0>.I_jcb,88,0
Ipsm.Itlquad.I_tst_left<2>.I0<1>.I_jcb,90,0
Ipsm.Itlquad.I_tst_left<2>.I0<2>.I_jcb,91,0
Ipsm.Itlquad.I_tst_left<2>.I0<3>.I_jcb,93,0
Ipsm.Itlquad.I_tst_left<2>.I3<0>.I_jcb,95,0
Ipsm.Itlquad.I_tst_left<2>.I3<1>.I_jcb,96,0
Ipsm.Itlquad.I_tst_left<2>.I3<2>.I_jcb,98,0
Ipsm.Itlquad.I_tst_left<2>.I3<3>.I_jcb,100,0
Ipsm.Itlquad.I_tst_left<2>.I4<0>.I_jcb,102,0
Ipsm.Itlquad.I_tst_left<2>.I4<1>.I_jcb,104,0
Ipsm.Itlquad.I_tst_left<2>.I4<2>.I_jcb,106,0
Ipsm.Itlquad.I_tst_left<2>.I4<3>.I_jcb,107,0
Ipsm.Itlquad.I_tst_left<3>.I0<0>.I_jcb,116,0
Ipsm.Itlquad.I_tst_left<3>.I0<1>.I_jcb,118,0
Ipsm.Itlquad.I_tst_left<3>.I0<2>.I_jcb,119,0
Ipsm.Itlquad.I_tst_left<3>.I0<3>.I_jcb,121,0
Ipsm.Itlquad.I_tst_left<3>.I3<0>.I_jcb,123,0
Ipsm.Itlquad.I_tst_left<3>.I3<1>.I_jcb,124,0
Ipsm.Itlquad.I_tst_left<3>.I3<2>.I_jcb,126,0
Ipsm.Itlquad.I_tst_left<3>.I3<3>.I_jcb,128,0
Ipsm.Itlquad.I_tst_left<3>.I4<0>.I_jcb,130,0
Ipsm.Itlquad.I_tst_left<3>.I4<1>.I_jcb,132,0
Ipsm.Itlquad.I_tst_left<3>.I4<2>.I_jcb,134,0
Ipsm.Itlquad.I_tst_left<3>.I4<3>.I_jcb,135,0
Ipsm.Itlquad.I_tst_left<4>.I0<0>.I_jcb,144,0
Ipsm.Itlquad.I_tst_left<4>.I0<1>.I_jcb,146,0
Ipsm.Itlquad.I_tst_left<4>.I0<2>.I_jcb,147,0
Ipsm.Itlquad.I_tst_left<4>.I0<3>.I_jcb,149,0
Ipsm.Itlquad.I_tst_left<4>.I3<0>.I_jcb,151,0
Ipsm.Itlquad.I_tst_left<4>.I3<1>.I_jcb,152,0
Ipsm.Itlquad.I_tst_left<4>.I3<2>.I_jcb,154,0
Ipsm.Itlquad.I_tst_left<4>.I3<3>.I_jcb,156,0
Ipsm.Itlquad.I_tst_left<4>.I4<0>.I_jcb,158,0
Ipsm.Itlquad.I_tst_left<4>.I4<1>.I_jcb,160,0
Ipsm.Itlquad.I_tst_left<4>.I4<2>.I_jcb,162,0
Ipsm.Itlquad.I_tst_left<4>.I4<3>.I_jcb,163,0
Ipsm.Itlquad.I_tst_left<5>.I0<0>.I_jcb,172,0
Ipsm.Itlquad.I_tst_left<5>.I0<1>.I_jcb,174,0
Ipsm.Itlquad.I_tst_left<5>.I0<2>.I_jcb,175,0
Ipsm.Itlquad.I_tst_left<5>.I0<3>.I_jcb,177,0
Ipsm.Itlquad.I_tst_left<5>.I3<0>.I_jcb,179,0
Ipsm.Itlquad.I_tst_left<5>.I3<1>.I_jcb,180,0
Ipsm.Itlquad.I_tst_left<5>.I3<2>.I_jcb,182,0
Ipsm.Itlquad.I_tst_left<5>.I3<3>.I_jcb,184,0
Ipsm.Itlquad.I_tst_left<5>.I4<0>.I_jcb,186,0
Ipsm.Itlquad.I_tst_left<5>.I4<1>.I_jcb,188,0
Ipsm.Itlquad.I_tst_left<5>.I4<2>.I_jcb,190,0
Ipsm.Itlquad.I_tst_left<5>.I4<3>.I_jcb,191,0
Ipsm.Itlquad.I_tst_left<6>.I0<0>.I_jcb,200,0
Ipsm.Itlquad.I_tst_left<6>.I0<1>.I_jcb,202,0
Ipsm.Itlquad.I_tst_left<6>.I0<2>.I_jcb,203,0
Ipsm.Itlquad.I_tst_left<6>.I0<3>.I_jcb,205,0
Ipsm.Itlquad.I_tst_left<6>.I3<0>.I_jcb,207,0
Ipsm.Itlquad.I_tst_left<6>.I3<1>.I_jcb,208,0
Ipsm.Itlquad.I_tst_left<6>.I3<2>.I_jcb,210,0
Ipsm.Itlquad.I_tst_left<6>.I3<3>.I_jcb,212,0
Ipsm.Itlquad.I_tst_left<6>.I4<0>.I_jcb,214,0
Ipsm.Itlquad.I_tst_left<6>.I4<1>.I_jcb,216,0
Ipsm.Itlquad.I_tst_left<6>.I4<2>.I_jcb,218,0
Ipsm.Itlquad.I_tst_left<6>.I4<3>.I_jcb,219,0
Ipsm.Itlquad.I_tst_left<7>.I0<0>.I_jcb,228,0
Ipsm.Itlquad.I_tst_left<7>.I0<1>.I_jcb,230,0
Ipsm.Itlquad.I_tst_left<7>.I0<2>.I_jcb,231,0
Ipsm.Itlquad.I_tst_left<7>.I0<3>.I_jcb,233,0
Ipsm.Itlquad.I_tst_left<7>.I3<0>.I_jcb,235,0
Ipsm.Itlquad.I_tst_left<7>.I3<1>.I_jcb,236,0
Ipsm.Itlquad.I_tst_left<7>.I3<2>.I_jcb,238,0
Ipsm.Itlquad.I_tst_left<7>.I3<3>.I_jcb,240,0
Ipsm.Itlquad.I_tst_left<7>.I4<0>.I_jcb,242,0
Ipsm.Itlquad.I_tst_left<7>.I4<1>.I_jcb,244,0
Ipsm.Itlquad.I_tst_left<7>.I4<2>.I_jcb,246,0
Ipsm.Itlquad.I_tst_left<7>.I4<3>.I_jcb,247,0
Ipsm.Itlquad.I_tst_left<8>.I0<0>.I_jcb,257,0
Ipsm.Itlquad.I_tst_left<8>.I0<1>.I_jcb,259,0
Ipsm.Itlquad.I_tst_left<8>.I0<2>.I_jcb,260,0
Ipsm.Itlquad.I_tst_left<8>.I0<3>.I_jcb,262,0
Ipsm.Itlquad.I_tst_left<8>.I3<0>.I_jcb,264,0
Ipsm.Itlquad.I_tst_left<8>.I3<1>.I_jcb,265,0
Ipsm.Itlquad.I_tst_left<8>.I3<2>.I_jcb,267,0
Ipsm.Itlquad.I_tst_left<8>.I3<3>.I_jcb,269,0
Ipsm.Itlquad.I_tst_left<8>.I4<0>.I_jcb,271,0
Ipsm.Itlquad.I_tst_left<8>.I4<1>.I_jcb,273,0
Ipsm.Itlquad.I_tst_left<8>.I4<2>.I_jcb,275,0
Ipsm.Itlquad.I_tst_left<8>.I4<3>.I_jcb,276,0
Ipsm.Itlquad.I_tst_left<9>.I0<0>.I_jcb,285,0
Ipsm.Itlquad.I_tst_left<9>.I0<1>.I_jcb,287,0
Ipsm.Itlquad.I_tst_left<9>.I0<2>.I_jcb,288,0
Ipsm.Itlquad.I_tst_left<9>.I0<3>.I_jcb,290,0
Ipsm.Itlquad.I_tst_left<9>.I3<0>.I_jcb,292,0
Ipsm.Itlquad.I_tst_left<9>.I3<1>.I_jcb,293,0
Ipsm.Itlquad.I_tst_left<9>.I3<2>.I_jcb,295,0
Ipsm.Itlquad.I_tst_left<9>.I3<3>.I_jcb,297,0
Ipsm.Itlquad.I_tst_left<9>.I4<0>.I_jcb,299,0
Ipsm.Itlquad.I_tst_left<9>.I4<1>.I_jcb,301,0
Ipsm.Itlquad.I_tst_left<9>.I4<2>.I_jcb,303,0
Ipsm.Itlquad.I_tst_left<9>.I4<3>.I_jcb,304,0
Ipsm.Itlquad.I_tst_lt.I0<0>.I_jcb,4,21
Ipsm.Itlquad.I_tst_lt.I0<1>.I_jcb,6,21
Ipsm.Itlquad.I_tst_lt.I0<2>.I_jcb,7,21
Ipsm.Itlquad.I_tst_lt.I0<3>.I_jcb,9,21
Ipsm.Itlquad.I_tst_lt.I3<0>.I_jcb,11,21
Ipsm.Itlquad.I_tst_lt.I3<1>.I_jcb,12,21
Ipsm.Itlquad.I_tst_lt.I3<2>.I_jcb,14,21
Ipsm.Itlquad.I_tst_lt.I3<3>.I_jcb,16,21
Ipsm.Itlquad.I_tst_lt.I4<0>.I_jcb,18,21
Ipsm.Itlquad.I_tst_lt.I4<1>.I_jcb,20,21
Ipsm.Itlquad.I_tst_lt.I4<2>.I_jcb,22,21
Ipsm.Itlquad.I_tst_lt.I4<3>.I_jcb,23,21
Ipsm.Itlquad.I_tst_tl.I0<0>.I_jcb,28,8
Ipsm.Itlquad.I_tst_tl.I0<1>.I_jcb,28,9
Ipsm.Itlquad.I_tst_tl.I0<2>.I_jcb,28,10
Ipsm.Itlquad.I_tst_tl.I0<3>.I_jcb,28,11
Ipsm.Itlquad.I_tst_tl.I3<0>.I_jcb,28,12
Ipsm.Itlquad.I_tst_tl.I3<1>.I_jcb,28,13
Ipsm.Itlquad.I_tst_tl.I4<0>.I_jcb,28,14
Ipsm.Itlquad.I_tst_tl.I4<1>.I_jcb,28,15
Ipsm.Itlquad.I_tst_tl.I4<2>.I_jcb,28,16
Ipsm.Itlquad.I_tst_tl.I4<3>.I_jcb,28,17
Ipsm.Itlquad.I_tst_tl.I4<4>.I_jcb,28,18
Ipsm.Itlquad.I_tst_tl.I4<5>.I_jcb,28,19
Ipsm.Itlquad.I_tst_tl.I4<6>.I_jcb,28,20
Ipsm.Itlquad.I_tst_tl.I4<7>.I_jcb,28,21
Ipsm.Itlquad.I_tst_top<0>.I0<0>.I_jcb,0,29
Ipsm.Itlquad.I_tst_top<0>.I0<1>.I_jcb,0,30
Ipsm.Itlquad.I_tst_top<0>.I0<2>.I_jcb,0,31
Ipsm.Itlquad.I_tst_top<0>.I0<3>.I_jcb,0,32
Ipsm.Itlquad.I_tst_top<0>.I3<0>.I_jcb,0,33
Ipsm.Itlquad.I_tst_top<0>.I3<1>.I_jcb,0,34
Ipsm.Itlquad.I_tst_top<0>.I4<0>.I_jcb,0,35
Ipsm.Itlquad.I_tst_top<0>.I4<1>.I_jcb,0,36
Ipsm.Itlquad.I_tst_top<0>.I4<2>.I_jcb,0,37
Ipsm.Itlquad.I_tst_top<0>.I4<3>.I_jcb,0,38
Ipsm.Itlquad.I_tst_top<0>.I4<4>.I_jcb,0,39
Ipsm.Itlquad.I_tst_top<0>.I4<5>.I_jcb,0,40
Ipsm.Itlquad.I_tst_top<0>.I4<6>.I_jcb,0,41
Ipsm.Itlquad.I_tst_top<0>.I4<7>.I_jcb,0,42
Ipsm.Itlquad.I_tst_top<10>.I0<0>.I_jcb,0,239
Ipsm.Itlquad.I_tst_top<10>.I0<1>.I_jcb,0,240
Ipsm.Itlquad.I_tst_top<10>.I0<2>.I_jcb,0,241
Ipsm.Itlquad.I_tst_top<10>.I0<3>.I_jcb,0,242
Ipsm.Itlquad.I_tst_top<10>.I3<0>.I_jcb,0,243
Ipsm.Itlquad.I_tst_top<10>.I3<1>.I_jcb,0,244
Ipsm.Itlquad.I_tst_top<10>.I4<0>.I_jcb,0,245
Ipsm.Itlquad.I_tst_top<10>.I4<1>.I_jcb,0,246
Ipsm.Itlquad.I_tst_top<10>.I4<2>.I_jcb,0,247
Ipsm.Itlquad.I_tst_top<10>.I4<3>.I_jcb,0,248
Ipsm.Itlquad.I_tst_top<10>.I4<4>.I_jcb,0,249
Ipsm.Itlquad.I_tst_top<10>.I4<5>.I_jcb,0,250
Ipsm.Itlquad.I_tst_top<10>.I4<6>.I_jcb,0,251
Ipsm.Itlquad.I_tst_top<10>.I4<7>.I_jcb,0,252
Ipsm.Itlquad.I_tst_top<11>.I0<0>.I_jcb,0,260
Ipsm.Itlquad.I_tst_top<11>.I0<1>.I_jcb,0,261
Ipsm.Itlquad.I_tst_top<11>.I0<2>.I_jcb,0,262
Ipsm.Itlquad.I_tst_top<11>.I0<3>.I_jcb,0,263
Ipsm.Itlquad.I_tst_top<11>.I3<0>.I_jcb,0,264
Ipsm.Itlquad.I_tst_top<11>.I3<1>.I_jcb,0,265
Ipsm.Itlquad.I_tst_top<11>.I4<0>.I_jcb,0,266
Ipsm.Itlquad.I_tst_top<11>.I4<1>.I_jcb,0,267
Ipsm.Itlquad.I_tst_top<11>.I4<2>.I_jcb,0,268
Ipsm.Itlquad.I_tst_top<11>.I4<3>.I_jcb,0,269
Ipsm.Itlquad.I_tst_top<11>.I4<4>.I_jcb,0,270
Ipsm.Itlquad.I_tst_top<11>.I4<5>.I_jcb,0,271
Ipsm.Itlquad.I_tst_top<11>.I4<6>.I_jcb,0,272
Ipsm.Itlquad.I_tst_top<11>.I4<7>.I_jcb,0,273
Ipsm.Itlquad.I_tst_top<12>.I0<0>.I_jcb,0,281
Ipsm.Itlquad.I_tst_top<12>.I0<1>.I_jcb,0,282
Ipsm.Itlquad.I_tst_top<12>.I0<2>.I_jcb,0,283
Ipsm.Itlquad.I_tst_top<12>.I0<3>.I_jcb,0,284
Ipsm.Itlquad.I_tst_top<12>.I3<0>.I_jcb,0,285
Ipsm.Itlquad.I_tst_top<12>.I3<1>.I_jcb,0,286
Ipsm.Itlquad.I_tst_top<12>.I4<0>.I_jcb,0,287
Ipsm.Itlquad.I_tst_top<12>.I4<1>.I_jcb,0,288
Ipsm.Itlquad.I_tst_top<12>.I4<2>.I_jcb,0,289
Ipsm.Itlquad.I_tst_top<12>.I4<3>.I_jcb,0,290
Ipsm.Itlquad.I_tst_top<12>.I4<4>.I_jcb,0,291
Ipsm.Itlquad.I_tst_top<12>.I4<5>.I_jcb,0,292
Ipsm.Itlquad.I_tst_top<12>.I4<6>.I_jcb,0,293
Ipsm.Itlquad.I_tst_top<12>.I4<7>.I_jcb,0,294
Ipsm.Itlquad.I_tst_top<13>.I0<0>.I_jcb,0,302
Ipsm.Itlquad.I_tst_top<13>.I0<1>.I_jcb,0,303
Ipsm.Itlquad.I_tst_top<13>.I0<2>.I_jcb,0,304
Ipsm.Itlquad.I_tst_top<13>.I0<3>.I_jcb,0,305
Ipsm.Itlquad.I_tst_top<13>.I3<0>.I_jcb,0,306
Ipsm.Itlquad.I_tst_top<13>.I3<1>.I_jcb,0,307
Ipsm.Itlquad.I_tst_top<13>.I4<0>.I_jcb,0,308
Ipsm.Itlquad.I_tst_top<13>.I4<1>.I_jcb,0,309
Ipsm.Itlquad.I_tst_top<13>.I4<2>.I_jcb,0,310
Ipsm.Itlquad.I_tst_top<13>.I4<3>.I_jcb,0,311
Ipsm.Itlquad.I_tst_top<13>.I4<4>.I_jcb,0,312
Ipsm.Itlquad.I_tst_top<13>.I4<5>.I_jcb,0,313
Ipsm.Itlquad.I_tst_top<13>.I4<6>.I_jcb,0,314
Ipsm.Itlquad.I_tst_top<13>.I4<7>.I_jcb,0,315
Ipsm.Itlquad.I_tst_top<14>.I0<0>.I_jcb,0,323
Ipsm.Itlquad.I_tst_top<14>.I0<1>.I_jcb,0,324
Ipsm.Itlquad.I_tst_top<14>.I0<2>.I_jcb,0,325
Ipsm.Itlquad.I_tst_top<14>.I0<3>.I_jcb,0,326
Ipsm.Itlquad.I_tst_top<14>.I3<0>.I_jcb,0,327
Ipsm.Itlquad.I_tst_top<14>.I3<1>.I_jcb,0,328
Ipsm.Itlquad.I_tst_top<14>.I4<0>.I_jcb,0,329
Ipsm.Itlquad.I_tst_top<14>.I4<1>.I_jcb,0,330
Ipsm.Itlquad.I_tst_top<14>.I4<2>.I_jcb,0,331
Ipsm.Itlquad.I_tst_top<14>.I4<3>.I_jcb,0,332
Ipsm.Itlquad.I_tst_top<14>.I4<4>.I_jcb,0,333
Ipsm.Itlquad.I_tst_top<14>.I4<5>.I_jcb,0,334
Ipsm.Itlquad.I_tst_top<14>.I4<6>.I_jcb,0,335
Ipsm.Itlquad.I_tst_top<14>.I4<7>.I_jcb,0,336
Ipsm.Itlquad.I_tst_top<15>.I0<0>.I_jcb,0,344
Ipsm.Itlquad.I_tst_top<15>.I0<1>.I_jcb,0,345
Ipsm.Itlquad.I_tst_top<15>.I0<2>.I_jcb,0,346
Ipsm.Itlquad.I_tst_top<15>.I0<3>.I_jcb,0,347
Ipsm.Itlquad.I_tst_top<15>.I3<0>.I_jcb,0,348
Ipsm.Itlquad.I_tst_top<15>.I3<1>.I_jcb,0,349
Ipsm.Itlquad.I_tst_top<15>.I4<0>.I_jcb,0,350
Ipsm.Itlquad.I_tst_top<15>.I4<1>.I_jcb,0,351
Ipsm.Itlquad.I_tst_top<15>.I4<2>.I_jcb,0,352
Ipsm.Itlquad.I_tst_top<15>.I4<3>.I_jcb,0,353
Ipsm.Itlquad.I_tst_top<15>.I4<4>.I_jcb,0,354
Ipsm.Itlquad.I_tst_top<15>.I4<5>.I_jcb,0,355
Ipsm.Itlquad.I_tst_top<15>.I4<6>.I_jcb,0,356
Ipsm.Itlquad.I_tst_top<15>.I4<7>.I_jcb,0,357
Ipsm.Itlquad.I_tst_top<1>.I0<0>.I_jcb,0,50
Ipsm.Itlquad.I_tst_top<1>.I0<1>.I_jcb,0,51
Ipsm.Itlquad.I_tst_top<1>.I0<2>.I_jcb,0,52
Ipsm.Itlquad.I_tst_top<1>.I0<3>.I_jcb,0,53
Ipsm.Itlquad.I_tst_top<1>.I3<0>.I_jcb,0,54
Ipsm.Itlquad.I_tst_top<1>.I3<1>.I_jcb,0,55
Ipsm.Itlquad.I_tst_top<1>.I4<0>.I_jcb,0,56
Ipsm.Itlquad.I_tst_top<1>.I4<1>.I_jcb,0,57
Ipsm.Itlquad.I_tst_top<1>.I4<2>.I_jcb,0,58
Ipsm.Itlquad.I_tst_top<1>.I4<3>.I_jcb,0,59
Ipsm.Itlquad.I_tst_top<1>.I4<4>.I_jcb,0,60
Ipsm.Itlquad.I_tst_top<1>.I4<5>.I_jcb,0,61
Ipsm.Itlquad.I_tst_top<1>.I4<6>.I_jcb,0,62
Ipsm.Itlquad.I_tst_top<1>.I4<7>.I_jcb,0,63
Ipsm.Itlquad.I_tst_top<2>.I0<0>.I_jcb,0,71
Ipsm.Itlquad.I_tst_top<2>.I0<1>.I_jcb,0,72
Ipsm.Itlquad.I_tst_top<2>.I0<2>.I_jcb,0,73
Ipsm.Itlquad.I_tst_top<2>.I0<3>.I_jcb,0,74
Ipsm.Itlquad.I_tst_top<2>.I3<0>.I_jcb,0,75
Ipsm.Itlquad.I_tst_top<2>.I3<1>.I_jcb,0,76
Ipsm.Itlquad.I_tst_top<2>.I4<0>.I_jcb,0,77
Ipsm.Itlquad.I_tst_top<2>.I4<1>.I_jcb,0,78
Ipsm.Itlquad.I_tst_top<2>.I4<2>.I_jcb,0,79
Ipsm.Itlquad.I_tst_top<2>.I4<3>.I_jcb,0,80
Ipsm.Itlquad.I_tst_top<2>.I4<4>.I_jcb,0,81
Ipsm.Itlquad.I_tst_top<2>.I4<5>.I_jcb,0,82
Ipsm.Itlquad.I_tst_top<2>.I4<6>.I_jcb,0,83
Ipsm.Itlquad.I_tst_top<2>.I4<7>.I_jcb,0,84
Ipsm.Itlquad.I_tst_top<3>.I0<0>.I_jcb,0,92
Ipsm.Itlquad.I_tst_top<3>.I0<1>.I_jcb,0,93
Ipsm.Itlquad.I_tst_top<3>.I0<2>.I_jcb,0,94
Ipsm.Itlquad.I_tst_top<3>.I0<3>.I_jcb,0,95
Ipsm.Itlquad.I_tst_top<3>.I3<0>.I_jcb,0,96
Ipsm.Itlquad.I_tst_top<3>.I3<1>.I_jcb,0,97
Ipsm.Itlquad.I_tst_top<3>.I4<0>.I_jcb,0,98
Ipsm.Itlquad.I_tst_top<3>.I4<1>.I_jcb,0,99
Ipsm.Itlquad.I_tst_top<3>.I4<2>.I_jcb,0,100
Ipsm.Itlquad.I_tst_top<3>.I4<3>.I_jcb,0,101
Ipsm.Itlquad.I_tst_top<3>.I4<4>.I_jcb,0,102
Ipsm.Itlquad.I_tst_top<3>.I4<5>.I_jcb,0,103
Ipsm.Itlquad.I_tst_top<3>.I4<6>.I_jcb,0,104
Ipsm.Itlquad.I_tst_top<3>.I4<7>.I_jcb,0,105
Ipsm.Itlquad.I_tst_top<4>.I0<0>.I_jcb,0,113
Ipsm.Itlquad.I_tst_top<4>.I0<1>.I_jcb,0,114
Ipsm.Itlquad.I_tst_top<4>.I0<2>.I_jcb,0,115
Ipsm.Itlquad.I_tst_top<4>.I0<3>.I_jcb,0,116
Ipsm.Itlquad.I_tst_top<4>.I3<0>.I_jcb,0,117
Ipsm.Itlquad.I_tst_top<4>.I3<1>.I_jcb,0,118
Ipsm.Itlquad.I_tst_top<4>.I4<0>.I_jcb,0,119
Ipsm.Itlquad.I_tst_top<4>.I4<1>.I_jcb,0,120
Ipsm.Itlquad.I_tst_top<4>.I4<2>.I_jcb,0,121
Ipsm.Itlquad.I_tst_top<4>.I4<3>.I_jcb,0,122
Ipsm.Itlquad.I_tst_top<4>.I4<4>.I_jcb,0,123
Ipsm.Itlquad.I_tst_top<4>.I4<5>.I_jcb,0,124
Ipsm.Itlquad.I_tst_top<4>.I4<6>.I_jcb,0,125
Ipsm.Itlquad.I_tst_top<4>.I4<7>.I_jcb,0,126
Ipsm.Itlquad.I_tst_top<5>.I0<0>.I_jcb,0,134
Ipsm.Itlquad.I_tst_top<5>.I0<1>.I_jcb,0,135
Ipsm.Itlquad.I_tst_top<5>.I0<2>.I_jcb,0,136
Ipsm.Itlquad.I_tst_top<5>.I0<3>.I_jcb,0,137
Ipsm.Itlquad.I_tst_top<5>.I3<0>.I_jcb,0,138
Ipsm.Itlquad.I_tst_top<5>.I3<1>.I_jcb,0,139
Ipsm.Itlquad.I_tst_top<5>.I4<0>.I_jcb,0,140
Ipsm.Itlquad.I_tst_top<5>.I4<1>.I_jcb,0,141
Ipsm.Itlquad.I_tst_top<5>.I4<2>.I_jcb,0,142
Ipsm.Itlquad.I_tst_top<5>.I4<3>.I_jcb,0,143
Ipsm.Itlquad.I_tst_top<5>.I4<4>.I_jcb,0,144
Ipsm.Itlquad.I_tst_top<5>.I4<5>.I_jcb,0,145
Ipsm.Itlquad.I_tst_top<5>.I4<6>.I_jcb,0,146
Ipsm.Itlquad.I_tst_top<5>.I4<7>.I_jcb,0,147
Ipsm.Itlquad.I_tst_top<6>.I0<0>.I_jcb,0,155
Ipsm.Itlquad.I_tst_top<6>.I0<1>.I_jcb,0,156
Ipsm.Itlquad.I_tst_top<6>.I0<2>.I_jcb,0,157
Ipsm.Itlquad.I_tst_top<6>.I0<3>.I_jcb,0,158
Ipsm.Itlquad.I_tst_top<6>.I3<0>.I_jcb,0,159
Ipsm.Itlquad.I_tst_top<6>.I3<1>.I_jcb,0,160
Ipsm.Itlquad.I_tst_top<6>.I4<0>.I_jcb,0,161
Ipsm.Itlquad.I_tst_top<6>.I4<1>.I_jcb,0,162
Ipsm.Itlquad.I_tst_top<6>.I4<2>.I_jcb,0,163
Ipsm.Itlquad.I_tst_top<6>.I4<3>.I_jcb,0,164
Ipsm.Itlquad.I_tst_top<6>.I4<4>.I_jcb,0,165
Ipsm.Itlquad.I_tst_top<6>.I4<5>.I_jcb,0,166
Ipsm.Itlquad.I_tst_top<6>.I4<6>.I_jcb,0,167
Ipsm.Itlquad.I_tst_top<6>.I4<7>.I_jcb,0,168
Ipsm.Itlquad.I_tst_top<7>.I0<0>.I_jcb,0,176
Ipsm.Itlquad.I_tst_top<7>.I0<1>.I_jcb,0,177
Ipsm.Itlquad.I_tst_top<7>.I0<2>.I_jcb,0,178
Ipsm.Itlquad.I_tst_top<7>.I0<3>.I_jcb,0,179
Ipsm.Itlquad.I_tst_top<7>.I3<0>.I_jcb,0,180
Ipsm.Itlquad.I_tst_top<7>.I3<1>.I_jcb,0,181
Ipsm.Itlquad.I_tst_top<7>.I4<0>.I_jcb,0,182
Ipsm.Itlquad.I_tst_top<7>.I4<1>.I_jcb,0,183
Ipsm.Itlquad.I_tst_top<7>.I4<2>.I_jcb,0,184
Ipsm.Itlquad.I_tst_top<7>.I4<3>.I_jcb,0,185
Ipsm.Itlquad.I_tst_top<7>.I4<4>.I_jcb,0,186
Ipsm.Itlquad.I_tst_top<7>.I4<5>.I_jcb,0,187
Ipsm.Itlquad.I_tst_top<7>.I4<6>.I_jcb,0,188
Ipsm.Itlquad.I_tst_top<7>.I4<7>.I_jcb,0,189
Ipsm.Itlquad.I_tst_top<8>.I0<0>.I_jcb,0,197
Ipsm.Itlquad.I_tst_top<8>.I0<1>.I_jcb,0,198
Ipsm.Itlquad.I_tst_top<8>.I0<2>.I_jcb,0,199
Ipsm.Itlquad.I_tst_top<8>.I0<3>.I_jcb,0,200
Ipsm.Itlquad.I_tst_top<8>.I3<0>.I_jcb,0,201
Ipsm.Itlquad.I_tst_top<8>.I3<1>.I_jcb,0,202
Ipsm.Itlquad.I_tst_top<8>.I4<0>.I_jcb,0,203
Ipsm.Itlquad.I_tst_top<8>.I4<1>.I_jcb,0,204
Ipsm.Itlquad.I_tst_top<8>.I4<2>.I_jcb,0,205
Ipsm.Itlquad.I_tst_top<8>.I4<3>.I_jcb,0,206
Ipsm.Itlquad.I_tst_top<8>.I4<4>.I_jcb,0,207
Ipsm.Itlquad.I_tst_top<8>.I4<5>.I_jcb,0,208
Ipsm.Itlquad.I_tst_top<8>.I4<6>.I_jcb,0,209
Ipsm.Itlquad.I_tst_top<8>.I4<7>.I_jcb,0,210
Ipsm.Itlquad.I_tst_top<9>.I0<0>.I_jcb,0,218
Ipsm.Itlquad.I_tst_top<9>.I0<1>.I_jcb,0,219
Ipsm.Itlquad.I_tst_top<9>.I0<2>.I_jcb,0,220
Ipsm.Itlquad.I_tst_top<9>.I0<3>.I_jcb,0,221
Ipsm.Itlquad.I_tst_top<9>.I3<0>.I_jcb,0,222
Ipsm.Itlquad.I_tst_top<9>.I3<1>.I_jcb,0,223
Ipsm.Itlquad.I_tst_top<9>.I4<0>.I_jcb,0,224
Ipsm.Itlquad.I_tst_top<9>.I4<1>.I_jcb,0,225
Ipsm.Itlquad.I_tst_top<9>.I4<2>.I_jcb,0,226
Ipsm.Itlquad.I_tst_top<9>.I4<3>.I_jcb,0,227
Ipsm.Itlquad.I_tst_top<9>.I4<4>.I_jcb,0,228
Ipsm.Itlquad.I_tst_top<9>.I4<5>.I_jcb,0,229
Ipsm.Itlquad.I_tst_top<9>.I4<6>.I_jcb,0,230
Ipsm.Itlquad.I_tst_top<9>.I4<7>.I_jcb,0,231
Ipsm.Itrquad.I_tst_right<0>.J_H1<0>.I_jcb,32,715
Ipsm.Itrquad.I_tst_right<0>.J_H1<1>.I_jcb,34,715
Ipsm.Itrquad.I_tst_right<0>.J_H1<2>.I_jcb,35,715
Ipsm.Itrquad.I_tst_right<0>.J_H1<3>.I_jcb,37,715
Ipsm.Itrquad.I_tst_right<0>.J_H2<0>.I_jcb,39,715
Ipsm.Itrquad.I_tst_right<0>.J_H2<1>.I_jcb,40,715
Ipsm.Itrquad.I_tst_right<0>.J_H4<0>.I_jcb,42,715
Ipsm.Itrquad.I_tst_right<0>.J_H4<1>.I_jcb,44,715
Ipsm.Itrquad.I_tst_right<0>.J_H4<2>.I_jcb,46,715
Ipsm.Itrquad.I_tst_right<0>.J_H4<3>.I_jcb,48,715
Ipsm.Itrquad.I_tst_right<0>.J_H4<4>.I_jcb,50,715
Ipsm.Itrquad.I_tst_right<0>.J_H4<5>.I_jcb,51,715
Ipsm.Itrquad.I_tst_right<0>.J_H4<6>.I_jcb,54,715
Ipsm.Itrquad.I_tst_right<0>.J_H4<7>.I_jcb,30,715
Ipsm.Itrquad.I_tst_right<10>.J_H1<0>.I_jcb,313,715
Ipsm.Itrquad.I_tst_right<10>.J_H1<1>.I_jcb,315,715
Ipsm.Itrquad.I_tst_right<10>.J_H1<2>.I_jcb,316,715
Ipsm.Itrquad.I_tst_right<10>.J_H1<3>.I_jcb,318,715
Ipsm.Itrquad.I_tst_right<10>.J_H2<0>.I_jcb,320,715
Ipsm.Itrquad.I_tst_right<10>.J_H2<1>.I_jcb,321,715
Ipsm.Itrquad.I_tst_right<10>.J_H4<0>.I_jcb,323,715
Ipsm.Itrquad.I_tst_right<10>.J_H4<1>.I_jcb,325,715
Ipsm.Itrquad.I_tst_right<10>.J_H4<2>.I_jcb,327,715
Ipsm.Itrquad.I_tst_right<10>.J_H4<3>.I_jcb,329,715
Ipsm.Itrquad.I_tst_right<10>.J_H4<4>.I_jcb,331,715
Ipsm.Itrquad.I_tst_right<10>.J_H4<5>.I_jcb,332,715
Ipsm.Itrquad.I_tst_right<10>.J_H4<6>.I_jcb,335,715
Ipsm.Itrquad.I_tst_right<10>.J_H4<7>.I_jcb,311,715
Ipsm.Itrquad.I_tst_right<11>.J_H1<0>.I_jcb,341,715
Ipsm.Itrquad.I_tst_right<11>.J_H1<1>.I_jcb,343,715
Ipsm.Itrquad.I_tst_right<11>.J_H1<2>.I_jcb,344,715
Ipsm.Itrquad.I_tst_right<11>.J_H1<3>.I_jcb,346,715
Ipsm.Itrquad.I_tst_right<11>.J_H2<0>.I_jcb,348,715
Ipsm.Itrquad.I_tst_right<11>.J_H2<1>.I_jcb,349,715
Ipsm.Itrquad.I_tst_right<11>.J_H4<0>.I_jcb,351,715
Ipsm.Itrquad.I_tst_right<11>.J_H4<1>.I_jcb,353,715
Ipsm.Itrquad.I_tst_right<11>.J_H4<2>.I_jcb,355,715
Ipsm.Itrquad.I_tst_right<11>.J_H4<3>.I_jcb,357,715
Ipsm.Itrquad.I_tst_right<11>.J_H4<4>.I_jcb,359,715
Ipsm.Itrquad.I_tst_right<11>.J_H4<5>.I_jcb,360,715
Ipsm.Itrquad.I_tst_right<11>.J_H4<6>.I_jcb,363,715
Ipsm.Itrquad.I_tst_right<11>.J_H4<7>.I_jcb,339,715
Ipsm.Itrquad.I_tst_right<12>.J_H1<0>.I_jcb,369,715
Ipsm.Itrquad.I_tst_right<12>.J_H1<1>.I_jcb,371,715
Ipsm.Itrquad.I_tst_right<12>.J_H1<2>.I_jcb,372,715
Ipsm.Itrquad.I_tst_right<12>.J_H1<3>.I_jcb,374,715
Ipsm.Itrquad.I_tst_right<12>.J_H2<0>.I_jcb,376,715
Ipsm.Itrquad.I_tst_right<12>.J_H2<1>.I_jcb,377,715
Ipsm.Itrquad.I_tst_right<12>.J_H4<0>.I_jcb,379,715
Ipsm.Itrquad.I_tst_right<12>.J_H4<1>.I_jcb,381,715
Ipsm.Itrquad.I_tst_right<12>.J_H4<2>.I_jcb,383,715
Ipsm.Itrquad.I_tst_right<12>.J_H4<3>.I_jcb,385,715
Ipsm.Itrquad.I_tst_right<12>.J_H4<4>.I_jcb,387,715
Ipsm.Itrquad.I_tst_right<12>.J_H4<5>.I_jcb,388,715
Ipsm.Itrquad.I_tst_right<12>.J_H4<6>.I_jcb,391,715
Ipsm.Itrquad.I_tst_right<12>.J_H4<7>.I_jcb,367,715
Ipsm.Itrquad.I_tst_right<13>.J_H1<0>.I_jcb,397,715
Ipsm.Itrquad.I_tst_right<13>.J_H1<1>.I_jcb,399,715
Ipsm.Itrquad.I_tst_right<13>.J_H1<2>.I_jcb,400,715
Ipsm.Itrquad.I_tst_right<13>.J_H1<3>.I_jcb,402,715
Ipsm.Itrquad.I_tst_right<13>.J_H2<0>.I_jcb,404,715
Ipsm.Itrquad.I_tst_right<13>.J_H2<1>.I_jcb,405,715
Ipsm.Itrquad.I_tst_right<13>.J_H4<0>.I_jcb,407,715
Ipsm.Itrquad.I_tst_right<13>.J_H4<1>.I_jcb,409,715
Ipsm.Itrquad.I_tst_right<13>.J_H4<2>.I_jcb,411,715
Ipsm.Itrquad.I_tst_right<13>.J_H4<3>.I_jcb,413,715
Ipsm.Itrquad.I_tst_right<13>.J_H4<4>.I_jcb,415,715
Ipsm.Itrquad.I_tst_right<13>.J_H4<5>.I_jcb,416,715
Ipsm.Itrquad.I_tst_right<13>.J_H4<6>.I_jcb,419,715
Ipsm.Itrquad.I_tst_right<13>.J_H4<7>.I_jcb,395,715
Ipsm.Itrquad.I_tst_right<1>.J_H1<0>.I_jcb,60,715
Ipsm.Itrquad.I_tst_right<1>.J_H1<1>.I_jcb,62,715
Ipsm.Itrquad.I_tst_right<1>.J_H1<2>.I_jcb,63,715
Ipsm.Itrquad.I_tst_right<1>.J_H1<3>.I_jcb,65,715
Ipsm.Itrquad.I_tst_right<1>.J_H2<0>.I_jcb,67,715
Ipsm.Itrquad.I_tst_right<1>.J_H2<1>.I_jcb,68,715
Ipsm.Itrquad.I_tst_right<1>.J_H4<0>.I_jcb,70,715
Ipsm.Itrquad.I_tst_right<1>.J_H4<1>.I_jcb,72,715
Ipsm.Itrquad.I_tst_right<1>.J_H4<2>.I_jcb,74,715
Ipsm.Itrquad.I_tst_right<1>.J_H4<3>.I_jcb,76,715
Ipsm.Itrquad.I_tst_right<1>.J_H4<4>.I_jcb,78,715
Ipsm.Itrquad.I_tst_right<1>.J_H4<5>.I_jcb,79,715
Ipsm.Itrquad.I_tst_right<1>.J_H4<6>.I_jcb,82,715
Ipsm.Itrquad.I_tst_right<1>.J_H4<7>.I_jcb,58,715
Ipsm.Itrquad.I_tst_right<2>.J_H1<0>.I_jcb,88,715
Ipsm.Itrquad.I_tst_right<2>.J_H1<1>.I_jcb,90,715
Ipsm.Itrquad.I_tst_right<2>.J_H1<2>.I_jcb,91,715
Ipsm.Itrquad.I_tst_right<2>.J_H1<3>.I_jcb,93,715
Ipsm.Itrquad.I_tst_right<2>.J_H2<0>.I_jcb,95,715
Ipsm.Itrquad.I_tst_right<2>.J_H2<1>.I_jcb,96,715
Ipsm.Itrquad.I_tst_right<2>.J_H4<0>.I_jcb,98,715
Ipsm.Itrquad.I_tst_right<2>.J_H4<1>.I_jcb,100,715
Ipsm.Itrquad.I_tst_right<2>.J_H4<2>.I_jcb,102,715
Ipsm.Itrquad.I_tst_right<2>.J_H4<3>.I_jcb,104,715
Ipsm.Itrquad.I_tst_right<2>.J_H4<4>.I_jcb,106,715
Ipsm.Itrquad.I_tst_right<2>.J_H4<5>.I_jcb,107,715
Ipsm.Itrquad.I_tst_right<2>.J_H4<6>.I_jcb,110,715
Ipsm.Itrquad.I_tst_right<2>.J_H4<7>.I_jcb,86,715
Ipsm.Itrquad.I_tst_right<3>.J_H1<0>.I_jcb,116,715
Ipsm.Itrquad.I_tst_right<3>.J_H1<1>.I_jcb,118,715
Ipsm.Itrquad.I_tst_right<3>.J_H1<2>.I_jcb,119,715
Ipsm.Itrquad.I_tst_right<3>.J_H1<3>.I_jcb,121,715
Ipsm.Itrquad.I_tst_right<3>.J_H2<0>.I_jcb,123,715
Ipsm.Itrquad.I_tst_right<3>.J_H2<1>.I_jcb,124,715
Ipsm.Itrquad.I_tst_right<3>.J_H4<0>.I_jcb,126,715
Ipsm.Itrquad.I_tst_right<3>.J_H4<1>.I_jcb,128,715
Ipsm.Itrquad.I_tst_right<3>.J_H4<2>.I_jcb,130,715
Ipsm.Itrquad.I_tst_right<3>.J_H4<3>.I_jcb,132,715
Ipsm.Itrquad.I_tst_right<3>.J_H4<4>.I_jcb,134,715
Ipsm.Itrquad.I_tst_right<3>.J_H4<5>.I_jcb,135,715
Ipsm.Itrquad.I_tst_right<3>.J_H4<6>.I_jcb,138,715
Ipsm.Itrquad.I_tst_right<3>.J_H4<7>.I_jcb,114,715
Ipsm.Itrquad.I_tst_right<4>.J_H1<0>.I_jcb,144,715
Ipsm.Itrquad.I_tst_right<4>.J_H1<1>.I_jcb,146,715
Ipsm.Itrquad.I_tst_right<4>.J_H1<2>.I_jcb,147,715
Ipsm.Itrquad.I_tst_right<4>.J_H1<3>.I_jcb,149,715
Ipsm.Itrquad.I_tst_right<4>.J_H2<0>.I_jcb,151,715
Ipsm.Itrquad.I_tst_right<4>.J_H2<1>.I_jcb,152,715
Ipsm.Itrquad.I_tst_right<4>.J_H4<0>.I_jcb,154,715
Ipsm.Itrquad.I_tst_right<4>.J_H4<1>.I_jcb,156,715
Ipsm.Itrquad.I_tst_right<4>.J_H4<2>.I_jcb,158,715
Ipsm.Itrquad.I_tst_right<4>.J_H4<3>.I_jcb,160,715
Ipsm.Itrquad.I_tst_right<4>.J_H4<4>.I_jcb,162,715
Ipsm.Itrquad.I_tst_right<4>.J_H4<5>.I_jcb,163,715
Ipsm.Itrquad.I_tst_right<4>.J_H4<6>.I_jcb,166,715
Ipsm.Itrquad.I_tst_right<4>.J_H4<7>.I_jcb,142,715
Ipsm.Itrquad.I_tst_right<5>.J_H1<0>.I_jcb,172,715
Ipsm.Itrquad.I_tst_right<5>.J_H1<1>.I_jcb,174,715
Ipsm.Itrquad.I_tst_right<5>.J_H1<2>.I_jcb,175,715
Ipsm.Itrquad.I_tst_right<5>.J_H1<3>.I_jcb,177,715
Ipsm.Itrquad.I_tst_right<5>.J_H2<0>.I_jcb,179,715
Ipsm.Itrquad.I_tst_right<5>.J_H2<1>.I_jcb,180,715
Ipsm.Itrquad.I_tst_right<5>.J_H4<0>.I_jcb,182,715
Ipsm.Itrquad.I_tst_right<5>.J_H4<1>.I_jcb,184,715
Ipsm.Itrquad.I_tst_right<5>.J_H4<2>.I_jcb,186,715
Ipsm.Itrquad.I_tst_right<5>.J_H4<3>.I_jcb,188,715
Ipsm.Itrquad.I_tst_right<5>.J_H4<4>.I_jcb,190,715
Ipsm.Itrquad.I_tst_right<5>.J_H4<5>.I_jcb,191,715
Ipsm.Itrquad.I_tst_right<5>.J_H4<6>.I_jcb,194,715
Ipsm.Itrquad.I_tst_right<5>.J_H4<7>.I_jcb,170,715
Ipsm.Itrquad.I_tst_right<6>.J_H1<0>.I_jcb,200,715
Ipsm.Itrquad.I_tst_right<6>.J_H1<1>.I_jcb,202,715
Ipsm.Itrquad.I_tst_right<6>.J_H1<2>.I_jcb,203,715
Ipsm.Itrquad.I_tst_right<6>.J_H1<3>.I_jcb,205,715
Ipsm.Itrquad.I_tst_right<6>.J_H2<0>.I_jcb,207,715
Ipsm.Itrquad.I_tst_right<6>.J_H2<1>.I_jcb,208,715
Ipsm.Itrquad.I_tst_right<6>.J_H4<0>.I_jcb,210,715
Ipsm.Itrquad.I_tst_right<6>.J_H4<1>.I_jcb,212,715
Ipsm.Itrquad.I_tst_right<6>.J_H4<2>.I_jcb,214,715
Ipsm.Itrquad.I_tst_right<6>.J_H4<3>.I_jcb,216,715
Ipsm.Itrquad.I_tst_right<6>.J_H4<4>.I_jcb,218,715
Ipsm.Itrquad.I_tst_right<6>.J_H4<5>.I_jcb,219,715
Ipsm.Itrquad.I_tst_right<6>.J_H4<6>.I_jcb,222,715
Ipsm.Itrquad.I_tst_right<6>.J_H4<7>.I_jcb,198,715
Ipsm.Itrquad.I_tst_right<7>.J_H1<0>.I_jcb,228,715
Ipsm.Itrquad.I_tst_right<7>.J_H1<1>.I_jcb,230,715
Ipsm.Itrquad.I_tst_right<7>.J_H1<2>.I_jcb,231,715
Ipsm.Itrquad.I_tst_right<7>.J_H1<3>.I_jcb,233,715
Ipsm.Itrquad.I_tst_right<7>.J_H2<0>.I_jcb,235,715
Ipsm.Itrquad.I_tst_right<7>.J_H2<1>.I_jcb,236,715
Ipsm.Itrquad.I_tst_right<7>.J_H4<0>.I_jcb,238,715
Ipsm.Itrquad.I_tst_right<7>.J_H4<1>.I_jcb,240,715
Ipsm.Itrquad.I_tst_right<7>.J_H4<2>.I_jcb,242,715
Ipsm.Itrquad.I_tst_right<7>.J_H4<3>.I_jcb,244,715
Ipsm.Itrquad.I_tst_right<7>.J_H4<4>.I_jcb,246,715
Ipsm.Itrquad.I_tst_right<7>.J_H4<5>.I_jcb,247,715
Ipsm.Itrquad.I_tst_right<7>.J_H4<6>.I_jcb,250,715
Ipsm.Itrquad.I_tst_right<7>.J_H4<7>.I_jcb,226,715
Ipsm.Itrquad.I_tst_right<8>.J_H1<0>.I_jcb,257,715
Ipsm.Itrquad.I_tst_right<8>.J_H1<1>.I_jcb,259,715
Ipsm.Itrquad.I_tst_right<8>.J_H1<2>.I_jcb,260,715
Ipsm.Itrquad.I_tst_right<8>.J_H1<3>.I_jcb,262,715
Ipsm.Itrquad.I_tst_right<8>.J_H2<0>.I_jcb,264,715
Ipsm.Itrquad.I_tst_right<8>.J_H2<1>.I_jcb,265,715
Ipsm.Itrquad.I_tst_right<8>.J_H4<0>.I_jcb,267,715
Ipsm.Itrquad.I_tst_right<8>.J_H4<1>.I_jcb,269,715
Ipsm.Itrquad.I_tst_right<8>.J_H4<2>.I_jcb,271,715
Ipsm.Itrquad.I_tst_right<8>.J_H4<3>.I_jcb,273,715
Ipsm.Itrquad.I_tst_right<8>.J_H4<4>.I_jcb,275,715
Ipsm.Itrquad.I_tst_right<8>.J_H4<5>.I_jcb,276,715
Ipsm.Itrquad.I_tst_right<8>.J_H4<6>.I_jcb,279,715
Ipsm.Itrquad.I_tst_right<8>.J_H4<7>.I_jcb,255,715
Ipsm.Itrquad.I_tst_right<9>.J_H1<0>.I_jcb,285,715
Ipsm.Itrquad.I_tst_right<9>.J_H1<1>.I_jcb,287,715
Ipsm.Itrquad.I_tst_right<9>.J_H1<2>.I_jcb,288,715
Ipsm.Itrquad.I_tst_right<9>.J_H1<3>.I_jcb,290,715
Ipsm.Itrquad.I_tst_right<9>.J_H2<0>.I_jcb,292,715
Ipsm.Itrquad.I_tst_right<9>.J_H2<1>.I_jcb,293,715
Ipsm.Itrquad.I_tst_right<9>.J_H4<0>.I_jcb,295,715
Ipsm.Itrquad.I_tst_right<9>.J_H4<1>.I_jcb,297,715
Ipsm.Itrquad.I_tst_right<9>.J_H4<2>.I_jcb,299,715
Ipsm.Itrquad.I_tst_right<9>.J_H4<3>.I_jcb,301,715
Ipsm.Itrquad.I_tst_right<9>.J_H4<4>.I_jcb,303,715
Ipsm.Itrquad.I_tst_right<9>.J_H4<5>.I_jcb,304,715
Ipsm.Itrquad.I_tst_right<9>.J_H4<6>.I_jcb,307,715
Ipsm.Itrquad.I_tst_right<9>.J_H4<7>.I_jcb,283,715
Ipsm.Itrquad.I_tst_rt.J_H1<0>.I_jcb,4,694
Ipsm.Itrquad.I_tst_rt.J_H1<1>.I_jcb,6,694
Ipsm.Itrquad.I_tst_rt.J_H1<2>.I_jcb,7,694
Ipsm.Itrquad.I_tst_rt.J_H1<3>.I_jcb,9,694
Ipsm.Itrquad.I_tst_rt.J_H2<0>.I_jcb,11,694
Ipsm.Itrquad.I_tst_rt.J_H2<1>.I_jcb,12,694
Ipsm.Itrquad.I_tst_rt.J_H4<0>.I_jcb,14,694
Ipsm.Itrquad.I_tst_rt.J_H4<1>.I_jcb,16,694
Ipsm.Itrquad.I_tst_rt.J_H4<2>.I_jcb,18,694
Ipsm.Itrquad.I_tst_rt.J_H4<3>.I_jcb,20,694
Ipsm.Itrquad.I_tst_rt.J_H4<4>.I_jcb,22,694
Ipsm.Itrquad.I_tst_rt.J_H4<5>.I_jcb,23,694
Ipsm.Itrquad.I_tst_rt.J_H4<6>.I_jcb,26,694
Ipsm.Itrquad.I_tst_rt.J_H4<7>.I_jcb,2,694
Ipsm.Itrquad.I_tst_top<0>.I0<0>.I_jcb,0,365
Ipsm.Itrquad.I_tst_top<0>.I0<1>.I_jcb,0,366
Ipsm.Itrquad.I_tst_top<0>.I0<2>.I_jcb,0,367
Ipsm.Itrquad.I_tst_top<0>.I0<3>.I_jcb,0,368
Ipsm.Itrquad.I_tst_top<0>.I3<0>.I_jcb,0,369
Ipsm.Itrquad.I_tst_top<0>.I3<1>.I_jcb,0,370
Ipsm.Itrquad.I_tst_top<0>.I4<0>.I_jcb,0,371
Ipsm.Itrquad.I_tst_top<0>.I4<1>.I_jcb,0,372
Ipsm.Itrquad.I_tst_top<0>.I4<2>.I_jcb,0,373
Ipsm.Itrquad.I_tst_top<0>.I4<3>.I_jcb,0,374
Ipsm.Itrquad.I_tst_top<0>.I4<4>.I_jcb,0,375
Ipsm.Itrquad.I_tst_top<0>.I4<5>.I_jcb,0,376
Ipsm.Itrquad.I_tst_top<0>.I4<6>.I_jcb,0,377
Ipsm.Itrquad.I_tst_top<0>.I4<7>.I_jcb,0,378
Ipsm.Itrquad.I_tst_top<10>.I0<0>.I_jcb,0,575
Ipsm.Itrquad.I_tst_top<10>.I0<1>.I_jcb,0,576
Ipsm.Itrquad.I_tst_top<10>.I0<2>.I_jcb,0,577
Ipsm.Itrquad.I_tst_top<10>.I0<3>.I_jcb,0,578
Ipsm.Itrquad.I_tst_top<10>.I3<0>.I_jcb,0,579
Ipsm.Itrquad.I_tst_top<10>.I3<1>.I_jcb,0,580
Ipsm.Itrquad.I_tst_top<10>.I4<0>.I_jcb,0,581
Ipsm.Itrquad.I_tst_top<10>.I4<1>.I_jcb,0,582
Ipsm.Itrquad.I_tst_top<10>.I4<2>.I_jcb,0,583
Ipsm.Itrquad.I_tst_top<10>.I4<3>.I_jcb,0,584
Ipsm.Itrquad.I_tst_top<10>.I4<4>.I_jcb,0,585
Ipsm.Itrquad.I_tst_top<10>.I4<5>.I_jcb,0,586
Ipsm.Itrquad.I_tst_top<10>.I4<6>.I_jcb,0,587
Ipsm.Itrquad.I_tst_top<10>.I4<7>.I_jcb,0,588
Ipsm.Itrquad.I_tst_top<11>.I0<0>.I_jcb,0,596
Ipsm.Itrquad.I_tst_top<11>.I0<1>.I_jcb,0,597
Ipsm.Itrquad.I_tst_top<11>.I0<2>.I_jcb,0,598
Ipsm.Itrquad.I_tst_top<11>.I0<3>.I_jcb,0,599
Ipsm.Itrquad.I_tst_top<11>.I3<0>.I_jcb,0,600
Ipsm.Itrquad.I_tst_top<11>.I3<1>.I_jcb,0,601
Ipsm.Itrquad.I_tst_top<11>.I4<0>.I_jcb,0,602
Ipsm.Itrquad.I_tst_top<11>.I4<1>.I_jcb,0,603
Ipsm.Itrquad.I_tst_top<11>.I4<2>.I_jcb,0,604
Ipsm.Itrquad.I_tst_top<11>.I4<3>.I_jcb,0,605
Ipsm.Itrquad.I_tst_top<11>.I4<4>.I_jcb,0,606
Ipsm.Itrquad.I_tst_top<11>.I4<5>.I_jcb,0,607
Ipsm.Itrquad.I_tst_top<11>.I4<6>.I_jcb,0,608
Ipsm.Itrquad.I_tst_top<11>.I4<7>.I_jcb,0,609
Ipsm.Itrquad.I_tst_top<12>.I0<0>.I_jcb,0,617
Ipsm.Itrquad.I_tst_top<12>.I0<1>.I_jcb,0,618
Ipsm.Itrquad.I_tst_top<12>.I0<2>.I_jcb,0,619
Ipsm.Itrquad.I_tst_top<12>.I0<3>.I_jcb,0,620
Ipsm.Itrquad.I_tst_top<12>.I3<0>.I_jcb,0,621
Ipsm.Itrquad.I_tst_top<12>.I3<1>.I_jcb,0,622
Ipsm.Itrquad.I_tst_top<12>.I4<0>.I_jcb,0,623
Ipsm.Itrquad.I_tst_top<12>.I4<1>.I_jcb,0,624
Ipsm.Itrquad.I_tst_top<12>.I4<2>.I_jcb,0,625
Ipsm.Itrquad.I_tst_top<12>.I4<3>.I_jcb,0,626
Ipsm.Itrquad.I_tst_top<12>.I4<4>.I_jcb,0,627
Ipsm.Itrquad.I_tst_top<12>.I4<5>.I_jcb,0,628
Ipsm.Itrquad.I_tst_top<12>.I4<6>.I_jcb,0,629
Ipsm.Itrquad.I_tst_top<12>.I4<7>.I_jcb,0,630
Ipsm.Itrquad.I_tst_top<13>.I0<0>.I_jcb,0,638
Ipsm.Itrquad.I_tst_top<13>.I0<1>.I_jcb,0,639
Ipsm.Itrquad.I_tst_top<13>.I0<2>.I_jcb,0,640
Ipsm.Itrquad.I_tst_top<13>.I0<3>.I_jcb,0,641
Ipsm.Itrquad.I_tst_top<13>.I3<0>.I_jcb,0,642
Ipsm.Itrquad.I_tst_top<13>.I3<1>.I_jcb,0,643
Ipsm.Itrquad.I_tst_top<13>.I4<0>.I_jcb,0,644
Ipsm.Itrquad.I_tst_top<13>.I4<1>.I_jcb,0,645
Ipsm.Itrquad.I_tst_top<13>.I4<2>.I_jcb,0,646
Ipsm.Itrquad.I_tst_top<13>.I4<3>.I_jcb,0,647
Ipsm.Itrquad.I_tst_top<13>.I4<4>.I_jcb,0,648
Ipsm.Itrquad.I_tst_top<13>.I4<5>.I_jcb,0,649
Ipsm.Itrquad.I_tst_top<13>.I4<6>.I_jcb,0,650
Ipsm.Itrquad.I_tst_top<13>.I4<7>.I_jcb,0,651
Ipsm.Itrquad.I_tst_top<14>.I0<0>.I_jcb,0,659
Ipsm.Itrquad.I_tst_top<14>.I0<1>.I_jcb,0,660
Ipsm.Itrquad.I_tst_top<14>.I0<2>.I_jcb,0,661
Ipsm.Itrquad.I_tst_top<14>.I0<3>.I_jcb,0,662
Ipsm.Itrquad.I_tst_top<14>.I3<0>.I_jcb,0,663
Ipsm.Itrquad.I_tst_top<14>.I3<1>.I_jcb,0,664
Ipsm.Itrquad.I_tst_top<14>.I4<0>.I_jcb,0,665
Ipsm.Itrquad.I_tst_top<14>.I4<1>.I_jcb,0,666
Ipsm.Itrquad.I_tst_top<14>.I4<2>.I_jcb,0,667
Ipsm.Itrquad.I_tst_top<14>.I4<3>.I_jcb,0,668
Ipsm.Itrquad.I_tst_top<14>.I4<4>.I_jcb,0,669
Ipsm.Itrquad.I_tst_top<14>.I4<5>.I_jcb,0,670
Ipsm.Itrquad.I_tst_top<14>.I4<6>.I_jcb,0,671
Ipsm.Itrquad.I_tst_top<14>.I4<7>.I_jcb,0,672
Ipsm.Itrquad.I_tst_top<15>.I0<0>.I_jcb,0,680
Ipsm.Itrquad.I_tst_top<15>.I0<1>.I_jcb,0,681
Ipsm.Itrquad.I_tst_top<15>.I0<2>.I_jcb,0,682
Ipsm.Itrquad.I_tst_top<15>.I0<3>.I_jcb,0,683
Ipsm.Itrquad.I_tst_top<15>.I3<0>.I_jcb,0,684
Ipsm.Itrquad.I_tst_top<15>.I3<1>.I_jcb,0,685
Ipsm.Itrquad.I_tst_top<15>.I4<0>.I_jcb,0,686
Ipsm.Itrquad.I_tst_top<15>.I4<1>.I_jcb,0,687
Ipsm.Itrquad.I_tst_top<15>.I4<2>.I_jcb,0,688
Ipsm.Itrquad.I_tst_top<15>.I4<3>.I_jcb,0,689
Ipsm.Itrquad.I_tst_top<15>.I4<4>.I_jcb,0,690
Ipsm.Itrquad.I_tst_top<15>.I4<5>.I_jcb,0,691
Ipsm.Itrquad.I_tst_top<15>.I4<6>.I_jcb,0,692
Ipsm.Itrquad.I_tst_top<15>.I4<7>.I_jcb,0,693
Ipsm.Itrquad.I_tst_top<1>.I0<0>.I_jcb,0,386
Ipsm.Itrquad.I_tst_top<1>.I0<1>.I_jcb,0,387
Ipsm.Itrquad.I_tst_top<1>.I0<2>.I_jcb,0,388
Ipsm.Itrquad.I_tst_top<1>.I0<3>.I_jcb,0,389
Ipsm.Itrquad.I_tst_top<1>.I3<0>.I_jcb,0,390
Ipsm.Itrquad.I_tst_top<1>.I3<1>.I_jcb,0,391
Ipsm.Itrquad.I_tst_top<1>.I4<0>.I_jcb,0,392
Ipsm.Itrquad.I_tst_top<1>.I4<1>.I_jcb,0,393
Ipsm.Itrquad.I_tst_top<1>.I4<2>.I_jcb,0,394
Ipsm.Itrquad.I_tst_top<1>.I4<3>.I_jcb,0,395
Ipsm.Itrquad.I_tst_top<1>.I4<4>.I_jcb,0,396
Ipsm.Itrquad.I_tst_top<1>.I4<5>.I_jcb,0,397
Ipsm.Itrquad.I_tst_top<1>.I4<6>.I_jcb,0,398
Ipsm.Itrquad.I_tst_top<1>.I4<7>.I_jcb,0,399
Ipsm.Itrquad.I_tst_top<2>.I0<0>.I_jcb,0,407
Ipsm.Itrquad.I_tst_top<2>.I0<1>.I_jcb,0,408
Ipsm.Itrquad.I_tst_top<2>.I0<2>.I_jcb,0,409
Ipsm.Itrquad.I_tst_top<2>.I0<3>.I_jcb,0,410
Ipsm.Itrquad.I_tst_top<2>.I3<0>.I_jcb,0,411
Ipsm.Itrquad.I_tst_top<2>.I3<1>.I_jcb,0,412
Ipsm.Itrquad.I_tst_top<2>.I4<0>.I_jcb,0,413
Ipsm.Itrquad.I_tst_top<2>.I4<1>.I_jcb,0,414
Ipsm.Itrquad.I_tst_top<2>.I4<2>.I_jcb,0,415
Ipsm.Itrquad.I_tst_top<2>.I4<3>.I_jcb,0,416
Ipsm.Itrquad.I_tst_top<2>.I4<4>.I_jcb,0,417
Ipsm.Itrquad.I_tst_top<2>.I4<5>.I_jcb,0,418
Ipsm.Itrquad.I_tst_top<2>.I4<6>.I_jcb,0,419
Ipsm.Itrquad.I_tst_top<2>.I4<7>.I_jcb,0,420
Ipsm.Itrquad.I_tst_top<3>.I0<0>.I_jcb,0,428
Ipsm.Itrquad.I_tst_top<3>.I0<1>.I_jcb,0,429
Ipsm.Itrquad.I_tst_top<3>.I0<2>.I_jcb,0,430
Ipsm.Itrquad.I_tst_top<3>.I0<3>.I_jcb,0,431
Ipsm.Itrquad.I_tst_top<3>.I3<0>.I_jcb,0,432
Ipsm.Itrquad.I_tst_top<3>.I3<1>.I_jcb,0,433
Ipsm.Itrquad.I_tst_top<3>.I4<0>.I_jcb,0,434
Ipsm.Itrquad.I_tst_top<3>.I4<1>.I_jcb,0,435
Ipsm.Itrquad.I_tst_top<3>.I4<2>.I_jcb,0,436
Ipsm.Itrquad.I_tst_top<3>.I4<3>.I_jcb,0,437
Ipsm.Itrquad.I_tst_top<3>.I4<4>.I_jcb,0,438
Ipsm.Itrquad.I_tst_top<3>.I4<5>.I_jcb,0,439
Ipsm.Itrquad.I_tst_top<3>.I4<6>.I_jcb,0,440
Ipsm.Itrquad.I_tst_top<3>.I4<7>.I_jcb,0,441
Ipsm.Itrquad.I_tst_top<4>.I0<0>.I_jcb,0,449
Ipsm.Itrquad.I_tst_top<4>.I0<1>.I_jcb,0,450
Ipsm.Itrquad.I_tst_top<4>.I0<2>.I_jcb,0,451
Ipsm.Itrquad.I_tst_top<4>.I0<3>.I_jcb,0,452
Ipsm.Itrquad.I_tst_top<4>.I3<0>.I_jcb,0,453
Ipsm.Itrquad.I_tst_top<4>.I3<1>.I_jcb,0,454
Ipsm.Itrquad.I_tst_top<4>.I4<0>.I_jcb,0,455
Ipsm.Itrquad.I_tst_top<4>.I4<1>.I_jcb,0,456
Ipsm.Itrquad.I_tst_top<4>.I4<2>.I_jcb,0,457
Ipsm.Itrquad.I_tst_top<4>.I4<3>.I_jcb,0,458
Ipsm.Itrquad.I_tst_top<4>.I4<4>.I_jcb,0,459
Ipsm.Itrquad.I_tst_top<4>.I4<5>.I_jcb,0,460
Ipsm.Itrquad.I_tst_top<4>.I4<6>.I_jcb,0,461
Ipsm.Itrquad.I_tst_top<4>.I4<7>.I_jcb,0,462
Ipsm.Itrquad.I_tst_top<5>.I0<0>.I_jcb,0,470
Ipsm.Itrquad.I_tst_top<5>.I0<1>.I_jcb,0,471
Ipsm.Itrquad.I_tst_top<5>.I0<2>.I_jcb,0,472
Ipsm.Itrquad.I_tst_top<5>.I0<3>.I_jcb,0,473
Ipsm.Itrquad.I_tst_top<5>.I3<0>.I_jcb,0,474
Ipsm.Itrquad.I_tst_top<5>.I3<1>.I_jcb,0,475
Ipsm.Itrquad.I_tst_top<5>.I4<0>.I_jcb,0,476
Ipsm.Itrquad.I_tst_top<5>.I4<1>.I_jcb,0,477
Ipsm.Itrquad.I_tst_top<5>.I4<2>.I_jcb,0,478
Ipsm.Itrquad.I_tst_top<5>.I4<3>.I_jcb,0,479
Ipsm.Itrquad.I_tst_top<5>.I4<4>.I_jcb,0,480
Ipsm.Itrquad.I_tst_top<5>.I4<5>.I_jcb,0,481
Ipsm.Itrquad.I_tst_top<5>.I4<6>.I_jcb,0,482
Ipsm.Itrquad.I_tst_top<5>.I4<7>.I_jcb,0,483
Ipsm.Itrquad.I_tst_top<6>.I0<0>.I_jcb,0,491
Ipsm.Itrquad.I_tst_top<6>.I0<1>.I_jcb,0,492
Ipsm.Itrquad.I_tst_top<6>.I0<2>.I_jcb,0,493
Ipsm.Itrquad.I_tst_top<6>.I0<3>.I_jcb,0,494
Ipsm.Itrquad.I_tst_top<6>.I3<0>.I_jcb,0,495
Ipsm.Itrquad.I_tst_top<6>.I3<1>.I_jcb,0,496
Ipsm.Itrquad.I_tst_top<6>.I4<0>.I_jcb,0,497
Ipsm.Itrquad.I_tst_top<6>.I4<1>.I_jcb,0,498
Ipsm.Itrquad.I_tst_top<6>.I4<2>.I_jcb,0,499
Ipsm.Itrquad.I_tst_top<6>.I4<3>.I_jcb,0,500
Ipsm.Itrquad.I_tst_top<6>.I4<4>.I_jcb,0,501
Ipsm.Itrquad.I_tst_top<6>.I4<5>.I_jcb,0,502
Ipsm.Itrquad.I_tst_top<6>.I4<6>.I_jcb,0,503
Ipsm.Itrquad.I_tst_top<6>.I4<7>.I_jcb,0,504
Ipsm.Itrquad.I_tst_top<7>.I0<0>.I_jcb,0,512
Ipsm.Itrquad.I_tst_top<7>.I0<1>.I_jcb,0,513
Ipsm.Itrquad.I_tst_top<7>.I0<2>.I_jcb,0,514
Ipsm.Itrquad.I_tst_top<7>.I0<3>.I_jcb,0,515
Ipsm.Itrquad.I_tst_top<7>.I3<0>.I_jcb,0,516
Ipsm.Itrquad.I_tst_top<7>.I3<1>.I_jcb,0,517
Ipsm.Itrquad.I_tst_top<7>.I4<0>.I_jcb,0,518
Ipsm.Itrquad.I_tst_top<7>.I4<1>.I_jcb,0,519
Ipsm.Itrquad.I_tst_top<7>.I4<2>.I_jcb,0,520
Ipsm.Itrquad.I_tst_top<7>.I4<3>.I_jcb,0,521
Ipsm.Itrquad.I_tst_top<7>.I4<4>.I_jcb,0,522
Ipsm.Itrquad.I_tst_top<7>.I4<5>.I_jcb,0,523
Ipsm.Itrquad.I_tst_top<7>.I4<6>.I_jcb,0,524
Ipsm.Itrquad.I_tst_top<7>.I4<7>.I_jcb,0,525
Ipsm.Itrquad.I_tst_top<8>.I0<0>.I_jcb,0,533
Ipsm.Itrquad.I_tst_top<8>.I0<1>.I_jcb,0,534
Ipsm.Itrquad.I_tst_top<8>.I0<2>.I_jcb,0,535
Ipsm.Itrquad.I_tst_top<8>.I0<3>.I_jcb,0,536
Ipsm.Itrquad.I_tst_top<8>.I3<0>.I_jcb,0,537
Ipsm.Itrquad.I_tst_top<8>.I3<1>.I_jcb,0,538
Ipsm.Itrquad.I_tst_top<8>.I4<0>.I_jcb,0,539
Ipsm.Itrquad.I_tst_top<8>.I4<1>.I_jcb,0,540
Ipsm.Itrquad.I_tst_top<8>.I4<2>.I_jcb,0,541
Ipsm.Itrquad.I_tst_top<8>.I4<3>.I_jcb,0,542
Ipsm.Itrquad.I_tst_top<8>.I4<4>.I_jcb,0,543
Ipsm.Itrquad.I_tst_top<8>.I4<5>.I_jcb,0,544
Ipsm.Itrquad.I_tst_top<8>.I4<6>.I_jcb,0,545
Ipsm.Itrquad.I_tst_top<8>.I4<7>.I_jcb,0,546
Ipsm.Itrquad.I_tst_top<9>.I0<0>.I_jcb,0,554
Ipsm.Itrquad.I_tst_top<9>.I0<1>.I_jcb,0,555
Ipsm.Itrquad.I_tst_top<9>.I0<2>.I_jcb,0,556
Ipsm.Itrquad.I_tst_top<9>.I0<3>.I_jcb,0,557
Ipsm.Itrquad.I_tst_top<9>.I3<0>.I_jcb,0,558
Ipsm.Itrquad.I_tst_top<9>.I3<1>.I_jcb,0,559
Ipsm.Itrquad.I_tst_top<9>.I4<0>.I_jcb,0,560
Ipsm.Itrquad.I_tst_top<9>.I4<1>.I_jcb,0,561
Ipsm.Itrquad.I_tst_top<9>.I4<2>.I_jcb,0,562
Ipsm.Itrquad.I_tst_top<9>.I4<3>.I_jcb,0,563
Ipsm.Itrquad.I_tst_top<9>.I4<4>.I_jcb,0,564
Ipsm.Itrquad.I_tst_top<9>.I4<5>.I_jcb,0,565
Ipsm.Itrquad.I_tst_top<9>.I4<6>.I_jcb,0,566
Ipsm.Itrquad.I_tst_top<9>.I4<7>.I_jcb,0,567
Ipsm.Itrquad.I_tst_tr.I0<0>.I_jcb,28,701
Ipsm.Itrquad.I_tst_tr.I0<1>.I_jcb,28,702
Ipsm.Itrquad.I_tst_tr.I0<2>.I_jcb,28,703
Ipsm.Itrquad.I_tst_tr.I0<3>.I_jcb,28,704
Ipsm.Itrquad.I_tst_tr.I3<0>.I_jcb,28,705
Ipsm.Itrquad.I_tst_tr.I3<1>.I_jcb,28,706
Ipsm.Itrquad.I_tst_tr.I4<0>.I_jcb,28,707
Ipsm.Itrquad.I_tst_tr.I4<1>.I_jcb,28,708
Ipsm.Itrquad.I_tst_tr.I4<2>.I_jcb,28,709
Ipsm.Itrquad.I_tst_tr.I4<3>.I_jcb,28,710
Ipsm.Itrquad.I_tst_tr.I4<4>.I_jcb,28,711
Ipsm.Itrquad.I_tst_tr.I4<5>.I_jcb,28,712
Ipsm.Itrquad.I_tst_tr.I4<6>.I_jcb,28,713
Ipsm.Itrquad.I_tst_tr.I4<7>.I_jcb,28,714
